Date / forecast date,Origin country,Destination region,Cargo type,Vessel class,Freight rate,Currency,Unit,Data status,Source,Model version,Confidence
2020-01-01,Australia,East Coast India,Coal,Bulk Carrier,13.12,USD,Metric Ton,Actual,Baltic Exchange / S&P Global Platts,N/A,N/A
2020-01-01,Indonesia,East Coast India,Coal,Bulk Carrier,8.14,USD,Metric Ton,Actual,Baltic Exchange / S&P Global Platts,N/A,N/A
2020-01-01,South Africa,East Coast India,Coal,Bulk Carrier,12.19,USD,Metric Ton,Actual,Baltic Exchange / S&P Global Platts,N/A,N/A
2020-01-01,Russia,East Coast India,Coal,Bulk Carrier,14.81,USD,Metric Ton,Actual,Baltic Exchange / S&P Global Platts,N/A,N/A
2020-01-01,Australia,East Coast India,Iron Ore,Bulk Carrier,11.95,USD,Metric Ton,Actual,Baltic Exchange / S&P Global Platts,N/A,N/A
2020-01-01,Brazil,East Coast India,Iron Ore,Bulk Carrier,19.47,USD,Metric Ton,Actual,Baltic Exchange / S&P Global Platts,N/A,N/A
2020-01-01,South Africa,East Coast India,Iron Ore,Bulk Carrier,12.27,USD,Metric Ton,Actual,Baltic Exchange / S&P Global Platts,N/A,N/A
2020-01-01,Iraq,East Coast India,Crude Oil,Tanker,11.4,USD,Metric Ton,Actual,Baltic Exchange / S&P Global Platts,N/A,N/A
2020-01-01,Saudi Arabia,East Coast India,Crude Oil,Tanker,10.65,USD,Metric Ton,Actual,Baltic Exchange / S&P Global Platts,N/A,N/A
2020-01-01,United Arab Emirates,East Coast India,Crude Oil,Tanker,10.29,USD,Metric Ton,Actual,Baltic Exchange / S&P Global Platts,N/A,N/A
2020-01-01,Russia,East Coast India,Crude Oil,Tanker,15.71,USD,Metric Ton,Actual,Baltic Exchange / S&P Global Platts,N/A,N/A
2020-01-01,United Arab Emirates,East Coast India,Petroleum Products,Tanker,14.4,USD,Metric Ton,Actual,Baltic Exchange / S&P Global Platts,N/A,N/A
2020-01-01,Singapore,East Coast India,Petroleum Products,Tanker,9.94,USD,Metric Ton,Actual,Baltic Exchange / S&P Global Platts,N/A,N/A
2020-01-01,Saudi Arabia,East Coast India,Petroleum Products,Tanker,12.91,USD,Metric Ton,Actual,Baltic Exchange / S&P Global Platts,N/A,N/A
2020-02-01,Australia,East Coast India,Coal,Bulk Carrier,13.1,USD,Metric Ton,Actual,Baltic Exchange / S&P Global Platts,N/A,N/A
2020-02-01,Indonesia,East Coast India,Coal,Bulk Carrier,7.68,USD,Metric Ton,Actual,Baltic Exchange / S&P Global Platts,N/A,N/A
2020-02-01,South Africa,East Coast India,Coal,Bulk Carrier,11.9,USD,Metric Ton,Actual,Baltic Exchange / S&P Global Platts,N/A,N/A
2020-02-01,Russia,East Coast India,Coal,Bulk Carrier,14.97,USD,Metric Ton,Actual,Baltic Exchange / S&P Global Platts,N/A,N/A
2020-02-01,Australia,East Coast India,Iron Ore,Bulk Carrier,12.51,USD,Metric Ton,Actual,Baltic Exchange / S&P Global Platts,N/A,N/A
2020-02-01,Brazil,East Coast India,Iron Ore,Bulk Carrier,20.1,USD,Metric Ton,Actual,Baltic Exchange / S&P Global Platts,N/A,N/A
2020-02-01,South Africa,East Coast India,Iron Ore,Bulk Carrier,13.21,USD,Metric Ton,Actual,Baltic Exchange / S&P Global Platts,N/A,N/A
2020-02-01,Iraq,East Coast India,Crude Oil,Tanker,10.8,USD,Metric Ton,Actual,Baltic Exchange / S&P Global Platts,N/A,N/A
2020-02-01,Saudi Arabia,East Coast India,Crude Oil,Tanker,10.51,USD,Metric Ton,Actual,Baltic Exchange / S&P Global Platts,N/A,N/A
2020-02-01,United Arab Emirates,East Coast India,Crude Oil,Tanker,10.13,USD,Metric Ton,Actual,Baltic Exchange / S&P Global Platts,N/A,N/A
2020-02-01,Russia,East Coast India,Crude Oil,Tanker,16.73,USD,Metric Ton,Actual,Baltic Exchange / S&P Global Platts,N/A,N/A
2020-02-01,United Arab Emirates,East Coast India,Petroleum Products,Tanker,14.4,USD,Metric Ton,Actual,Baltic Exchange / S&P Global Platts,N/A,N/A
2020-02-01,Singapore,East Coast India,Petroleum Products,Tanker,9.51,USD,Metric Ton,Actual,Baltic Exchange / S&P Global Platts,N/A,N/A
2020-02-01,Saudi Arabia,East Coast India,Petroleum Products,Tanker,13.55,USD,Metric Ton,Actual,Baltic Exchange / S&P Global Platts,N/A,N/A
2020-03-01,Australia,East Coast India,Coal,Bulk Carrier,13.9,USD,Metric Ton,Actual,Baltic Exchange / S&P Global Platts,N/A,N/A
2020-03-01,Indonesia,East Coast India,Coal,Bulk Carrier,7.71,USD,Metric Ton,Actual,Baltic Exchange / S&P Global Platts,N/A,N/A
2020-03-01,South Africa,East Coast India,Coal,Bulk Carrier,12.48,USD,Metric Ton,Actual,Baltic Exchange / S&P Global Platts,N/A,N/A
2020-03-01,Russia,East Coast India,Coal,Bulk Carrier,14.7,USD,Metric Ton,Actual,Baltic Exchange / S&P Global Platts,N/A,N/A
2020-03-01,Australia,East Coast India,Iron Ore,Bulk Carrier,12.27,USD,Metric Ton,Actual,Baltic Exchange / S&P Global Platts,N/A,N/A
2020-03-01,Brazil,East Coast India,Iron Ore,Bulk Carrier,21.84,USD,Metric Ton,Actual,Baltic Exchange / S&P Global Platts,N/A,N/A
2020-03-01,South Africa,East Coast India,Iron Ore,Bulk Carrier,13.92,USD,Metric Ton,Actual,Baltic Exchange / S&P Global Platts,N/A,N/A
2020-03-01,Iraq,East Coast India,Crude Oil,Tanker,11.75,USD,Metric Ton,Actual,Baltic Exchange / S&P Global Platts,N/A,N/A
2020-03-01,Saudi Arabia,East Coast India,Crude Oil,Tanker,10.71,USD,Metric Ton,Actual,Baltic Exchange / S&P Global Platts,N/A,N/A
2020-03-01,United Arab Emirates,East Coast India,Crude Oil,Tanker,10.03,USD,Metric Ton,Actual,Baltic Exchange / S&P Global Platts,N/A,N/A
2020-03-01,Russia,East Coast India,Crude Oil,Tanker,17.42,USD,Metric Ton,Actual,Baltic Exchange / S&P Global Platts,N/A,N/A
2020-03-01,United Arab Emirates,East Coast India,Petroleum Products,Tanker,14.16,USD,Metric Ton,Actual,Baltic Exchange / S&P Global Platts,N/A,N/A
2020-03-01,Singapore,East Coast India,Petroleum Products,Tanker,9.6,USD,Metric Ton,Actual,Baltic Exchange / S&P Global Platts,N/A,N/A
2020-03-01,Saudi Arabia,East Coast India,Petroleum Products,Tanker,13.77,USD,Metric Ton,Actual,Baltic Exchange / S&P Global Platts,N/A,N/A
2020-04-01,Australia,East Coast India,Coal,Bulk Carrier,13.36,USD,Metric Ton,Actual,Baltic Exchange / S&P Global Platts,N/A,N/A
2020-04-01,Indonesia,East Coast India,Coal,Bulk Carrier,8.55,USD,Metric Ton,Actual,Baltic Exchange / S&P Global Platts,N/A,N/A
2020-04-01,South Africa,East Coast India,Coal,Bulk Carrier,12.26,USD,Metric Ton,Actual,Baltic Exchange / S&P Global Platts,N/A,N/A
2020-04-01,Russia,East Coast India,Coal,Bulk Carrier,15.72,USD,Metric Ton,Actual,Baltic Exchange / S&P Global Platts,N/A,N/A
2020-04-01,Australia,East Coast India,Iron Ore,Bulk Carrier,12.8,USD,Metric Ton,Actual,Baltic Exchange / S&P Global Platts,N/A,N/A
2020-04-01,Brazil,East Coast India,Iron Ore,Bulk Carrier,21.31,USD,Metric Ton,Actual,Baltic Exchange / S&P Global Platts,N/A,N/A
2020-04-01,South Africa,East Coast India,Iron Ore,Bulk Carrier,13.6,USD,Metric Ton,Actual,Baltic Exchange / S&P Global Platts,N/A,N/A
2020-04-01,Iraq,East Coast India,Crude Oil,Tanker,11.23,USD,Metric Ton,Actual,Baltic Exchange / S&P Global Platts,N/A,N/A
2020-04-01,Saudi Arabia,East Coast India,Crude Oil,Tanker,11.64,USD,Metric Ton,Actual,Baltic Exchange / S&P Global Platts,N/A,N/A
2020-04-01,United Arab Emirates,East Coast India,Crude Oil,Tanker,10.93,USD,Metric Ton,Actual,Baltic Exchange / S&P Global Platts,N/A,N/A
2020-04-01,Russia,East Coast India,Crude Oil,Tanker,18.16,USD,Metric Ton,Actual,Baltic Exchange / S&P Global Platts,N/A,N/A
2020-04-01,United Arab Emirates,East Coast India,Petroleum Products,Tanker,15.07,USD,Metric Ton,Actual,Baltic Exchange / S&P Global Platts,N/A,N/A
2020-04-01,Singapore,East Coast India,Petroleum Products,Tanker,10.25,USD,Metric Ton,Actual,Baltic Exchange / S&P Global Platts,N/A,N/A
2020-04-01,Saudi Arabia,East Coast India,Petroleum Products,Tanker,14.61,USD,Metric Ton,Actual,Baltic Exchange / S&P Global Platts,N/A,N/A
2020-05-01,Australia,East Coast India,Coal,Bulk Carrier,13.67,USD,Metric Ton,Actual,Baltic Exchange / S&P Global Platts,N/A,N/A
2020-05-01,Indonesia,East Coast India,Coal,Bulk Carrier,8.1,USD,Metric Ton,Actual,Baltic Exchange / S&P Global Platts,N/A,N/A
2020-05-01,South Africa,East Coast India,Coal,Bulk Carrier,12.2,USD,Metric Ton,Actual,Baltic Exchange / S&P Global Platts,N/A,N/A
2020-05-01,Russia,East Coast India,Coal,Bulk Carrier,15.46,USD,Metric Ton,Actual,Baltic Exchange / S&P Global Platts,N/A,N/A
2020-05-01,Australia,East Coast India,Iron Ore,Bulk Carrier,13.13,USD,Metric Ton,Actual,Baltic Exchange / S&P Global Platts,N/A,N/A
2020-05-01,Brazil,East Coast India,Iron Ore,Bulk Carrier,21.14,USD,Metric Ton,Actual,Baltic Exchange / S&P Global Platts,N/A,N/A
2020-05-01,South Africa,East Coast India,Iron Ore,Bulk Carrier,14.22,USD,Metric Ton,Actual,Baltic Exchange / S&P Global Platts,N/A,N/A
2020-05-01,Iraq,East Coast India,Crude Oil,Tanker,11.63,USD,Metric Ton,Actual,Baltic Exchange / S&P Global Platts,N/A,N/A
2020-05-01,Saudi Arabia,East Coast India,Crude Oil,Tanker,11.06,USD,Metric Ton,Actual,Baltic Exchange / S&P Global Platts,N/A,N/A
2020-05-01,United Arab Emirates,East Coast India,Crude Oil,Tanker,10.86,USD,Metric Ton,Actual,Baltic Exchange / S&P Global Platts,N/A,N/A
2020-05-01,Russia,East Coast India,Crude Oil,Tanker,17.06,USD,Metric Ton,Actual,Baltic Exchange / S&P Global Platts,N/A,N/A
2020-05-01,United Arab Emirates,East Coast India,Petroleum Products,Tanker,15.2,USD,Metric Ton,Actual,Baltic Exchange / S&P Global Platts,N/A,N/A
2020-05-01,Singapore,East Coast India,Petroleum Products,Tanker,9.89,USD,Metric Ton,Actual,Baltic Exchange / S&P Global Platts,N/A,N/A
2020-05-01,Saudi Arabia,East Coast India,Petroleum Products,Tanker,14.95,USD,Metric Ton,Actual,Baltic Exchange / S&P Global Platts,N/A,N/A
2020-06-01,Australia,East Coast India,Coal,Bulk Carrier,14.89,USD,Metric Ton,Actual,Baltic Exchange / S&P Global Platts,N/A,N/A
2020-06-01,Indonesia,East Coast India,Coal,Bulk Carrier,8.24,USD,Metric Ton,Actual,Baltic Exchange / S&P Global Platts,N/A,N/A
2020-06-01,South Africa,East Coast India,Coal,Bulk Carrier,12.36,USD,Metric Ton,Actual,Baltic Exchange / S&P Global Platts,N/A,N/A
2020-06-01,Russia,East Coast India,Coal,Bulk Carrier,16.5,USD,Metric Ton,Actual,Baltic Exchange / S&P Global Platts,N/A,N/A
2020-06-01,Australia,East Coast India,Iron Ore,Bulk Carrier,13.78,USD,Metric Ton,Actual,Baltic Exchange / S&P Global Platts,N/A,N/A
2020-06-01,Brazil,East Coast India,Iron Ore,Bulk Carrier,22.5,USD,Metric Ton,Actual,Baltic Exchange / S&P Global Platts,N/A,N/A
2020-06-01,South Africa,East Coast India,Iron Ore,Bulk Carrier,14.38,USD,Metric Ton,Actual,Baltic Exchange / S&P Global Platts,N/A,N/A
2020-06-01,Iraq,East Coast India,Crude Oil,Tanker,11.49,USD,Metric Ton,Actual,Baltic Exchange / S&P Global Platts,N/A,N/A
2020-06-01,Saudi Arabia,East Coast India,Crude Oil,Tanker,11.34,USD,Metric Ton,Actual,Baltic Exchange / S&P Global Platts,N/A,N/A
2020-06-01,United Arab Emirates,East Coast India,Crude Oil,Tanker,10.58,USD,Metric Ton,Actual,Baltic Exchange / S&P Global Platts,N/A,N/A
2020-06-01,Russia,East Coast India,Crude Oil,Tanker,18.65,USD,Metric Ton,Actual,Baltic Exchange / S&P Global Platts,N/A,N/A
2020-06-01,United Arab Emirates,East Coast India,Petroleum Products,Tanker,15.18,USD,Metric Ton,Actual,Baltic Exchange / S&P Global Platts,N/A,N/A
2020-06-01,Singapore,East Coast India,Petroleum Products,Tanker,10.32,USD,Metric Ton,Actual,Baltic Exchange / S&P Global Platts,N/A,N/A
2020-06-01,Saudi Arabia,East Coast India,Petroleum Products,Tanker,13.87,USD,Metric Ton,Actual,Baltic Exchange / S&P Global Platts,N/A,N/A
2020-07-01,Australia,East Coast India,Coal,Bulk Carrier,14.46,USD,Metric Ton,Actual,Baltic Exchange / S&P Global Platts,N/A,N/A
2020-07-01,Indonesia,East Coast India,Coal,Bulk Carrier,8.49,USD,Metric Ton,Actual,Baltic Exchange / S&P Global Platts,N/A,N/A
2020-07-01,South Africa,East Coast India,Coal,Bulk Carrier,13.52,USD,Metric Ton,Actual,Baltic Exchange / S&P Global Platts,N/A,N/A
2020-07-01,Russia,East Coast India,Coal,Bulk Carrier,16.49,USD,Metric Ton,Actual,Baltic Exchange / S&P Global Platts,N/A,N/A
2020-07-01,Australia,East Coast India,Iron Ore,Bulk Carrier,14.26,USD,Metric Ton,Actual,Baltic Exchange / S&P Global Platts,N/A,N/A
2020-07-01,Brazil,East Coast India,Iron Ore,Bulk Carrier,22.3,USD,Metric Ton,Actual,Baltic Exchange / S&P Global Platts,N/A,N/A
2020-07-01,South Africa,East Coast India,Iron Ore,Bulk Carrier,13.69,USD,Metric Ton,Actual,Baltic Exchange / S&P Global Platts,N/A,N/A
2020-07-01,Iraq,East Coast India,Crude Oil,Tanker,12.46,USD,Metric Ton,Actual,Baltic Exchange / S&P Global Platts,N/A,N/A
2020-07-01,Saudi Arabia,East Coast India,Crude Oil,Tanker,12,USD,Metric Ton,Actual,Baltic Exchange / S&P Global Platts,N/A,N/A
2020-07-01,United Arab Emirates,East Coast India,Crude Oil,Tanker,11.25,USD,Metric Ton,Actual,Baltic Exchange / S&P Global Platts,N/A,N/A
2020-07-01,Russia,East Coast India,Crude Oil,Tanker,18.8,USD,Metric Ton,Actual,Baltic Exchange / S&P Global Platts,N/A,N/A
2020-07-01,United Arab Emirates,East Coast India,Petroleum Products,Tanker,15.24,USD,Metric Ton,Actual,Baltic Exchange / S&P Global Platts,N/A,N/A
2020-07-01,Singapore,East Coast India,Petroleum Products,Tanker,10.7,USD,Metric Ton,Actual,Baltic Exchange / S&P Global Platts,N/A,N/A
2020-07-01,Saudi Arabia,East Coast India,Petroleum Products,Tanker,14.63,USD,Metric Ton,Actual,Baltic Exchange / S&P Global Platts,N/A,N/A
2020-08-01,Australia,East Coast India,Coal,Bulk Carrier,14.27,USD,Metric Ton,Actual,Baltic Exchange / S&P Global Platts,N/A,N/A
2020-08-01,Indonesia,East Coast India,Coal,Bulk Carrier,8.44,USD,Metric Ton,Actual,Baltic Exchange / S&P Global Platts,N/A,N/A
2020-08-01,South Africa,East Coast India,Coal,Bulk Carrier,12.8,USD,Metric Ton,Actual,Baltic Exchange / S&P Global Platts,N/A,N/A
2020-08-01,Russia,East Coast India,Coal,Bulk Carrier,16.76,USD,Metric Ton,Actual,Baltic Exchange / S&P Global Platts,N/A,N/A
2020-08-01,Australia,East Coast India,Iron Ore,Bulk Carrier,13.69,USD,Metric Ton,Actual,Baltic Exchange / S&P Global Platts,N/A,N/A
2020-08-01,Brazil,East Coast India,Iron Ore,Bulk Carrier,22.75,USD,Metric Ton,Actual,Baltic Exchange / S&P Global Platts,N/A,N/A
2020-08-01,South Africa,East Coast India,Iron Ore,Bulk Carrier,15.06,USD,Metric Ton,Actual,Baltic Exchange / S&P Global Platts,N/A,N/A
2020-08-01,Iraq,East Coast India,Crude Oil,Tanker,12.09,USD,Metric Ton,Actual,Baltic Exchange / S&P Global Platts,N/A,N/A
2020-08-01,Saudi Arabia,East Coast India,Crude Oil,Tanker,11.78,USD,Metric Ton,Actual,Baltic Exchange / S&P Global Platts,N/A,N/A
2020-08-01,United Arab Emirates,East Coast India,Crude Oil,Tanker,11.66,USD,Metric Ton,Actual,Baltic Exchange / S&P Global Platts,N/A,N/A
2020-08-01,Russia,East Coast India,Crude Oil,Tanker,18.1,USD,Metric Ton,Actual,Baltic Exchange / S&P Global Platts,N/A,N/A
2020-08-01,United Arab Emirates,East Coast India,Petroleum Products,Tanker,14.84,USD,Metric Ton,Actual,Baltic Exchange / S&P Global Platts,N/A,N/A
2020-08-01,Singapore,East Coast India,Petroleum Products,Tanker,10.62,USD,Metric Ton,Actual,Baltic Exchange / S&P Global Platts,N/A,N/A
2020-08-01,Saudi Arabia,East Coast India,Petroleum Products,Tanker,14.48,USD,Metric Ton,Actual,Baltic Exchange / S&P Global Platts,N/A,N/A
2020-09-01,Australia,East Coast India,Coal,Bulk Carrier,15.88,USD,Metric Ton,Actual,Baltic Exchange / S&P Global Platts,N/A,N/A
2020-09-01,Indonesia,East Coast India,Coal,Bulk Carrier,9.2,USD,Metric Ton,Actual,Baltic Exchange / S&P Global Platts,N/A,N/A
2020-09-01,South Africa,East Coast India,Coal,Bulk Carrier,13.83,USD,Metric Ton,Actual,Baltic Exchange / S&P Global Platts,N/A,N/A
2020-09-01,Russia,East Coast India,Coal,Bulk Carrier,17.42,USD,Metric Ton,Actual,Baltic Exchange / S&P Global Platts,N/A,N/A
2020-09-01,Australia,East Coast India,Iron Ore,Bulk Carrier,14.61,USD,Metric Ton,Actual,Baltic Exchange / S&P Global Platts,N/A,N/A
2020-09-01,Brazil,East Coast India,Iron Ore,Bulk Carrier,22.38,USD,Metric Ton,Actual,Baltic Exchange / S&P Global Platts,N/A,N/A
2020-09-01,South Africa,East Coast India,Iron Ore,Bulk Carrier,15.28,USD,Metric Ton,Actual,Baltic Exchange / S&P Global Platts,N/A,N/A
2020-09-01,Iraq,East Coast India,Crude Oil,Tanker,12.65,USD,Metric Ton,Actual,Baltic Exchange / S&P Global Platts,N/A,N/A
2020-09-01,Saudi Arabia,East Coast India,Crude Oil,Tanker,12.45,USD,Metric Ton,Actual,Baltic Exchange / S&P Global Platts,N/A,N/A
2020-09-01,United Arab Emirates,East Coast India,Crude Oil,Tanker,12.01,USD,Metric Ton,Actual,Baltic Exchange / S&P Global Platts,N/A,N/A
2020-09-01,Russia,East Coast India,Crude Oil,Tanker,18.56,USD,Metric Ton,Actual,Baltic Exchange / S&P Global Platts,N/A,N/A
2020-09-01,United Arab Emirates,East Coast India,Petroleum Products,Tanker,15.14,USD,Metric Ton,Actual,Baltic Exchange / S&P Global Platts,N/A,N/A
2020-09-01,Singapore,East Coast India,Petroleum Products,Tanker,10.73,USD,Metric Ton,Actual,Baltic Exchange / S&P Global Platts,N/A,N/A
2020-09-01,Saudi Arabia,East Coast India,Petroleum Products,Tanker,15.11,USD,Metric Ton,Actual,Baltic Exchange / S&P Global Platts,N/A,N/A
2020-10-01,Australia,East Coast India,Coal,Bulk Carrier,15.96,USD,Metric Ton,Actual,Baltic Exchange / S&P Global Platts,N/A,N/A
2020-10-01,Indonesia,East Coast India,Coal,Bulk Carrier,9.39,USD,Metric Ton,Actual,Baltic Exchange / S&P Global Platts,N/A,N/A
2020-10-01,South Africa,East Coast India,Coal,Bulk Carrier,13.18,USD,Metric Ton,Actual,Baltic Exchange / S&P Global Platts,N/A,N/A
2020-10-01,Russia,East Coast India,Coal,Bulk Carrier,17.09,USD,Metric Ton,Actual,Baltic Exchange / S&P Global Platts,N/A,N/A
2020-10-01,Australia,East Coast India,Iron Ore,Bulk Carrier,14.28,USD,Metric Ton,Actual,Baltic Exchange / S&P Global Platts,N/A,N/A
2020-10-01,Brazil,East Coast India,Iron Ore,Bulk Carrier,22.81,USD,Metric Ton,Actual,Baltic Exchange / S&P Global Platts,N/A,N/A
2020-10-01,South Africa,East Coast India,Iron Ore,Bulk Carrier,14.37,USD,Metric Ton,Actual,Baltic Exchange / S&P Global Platts,N/A,N/A
2020-10-01,Iraq,East Coast India,Crude Oil,Tanker,12.59,USD,Metric Ton,Actual,Baltic Exchange / S&P Global Platts,N/A,N/A
2020-10-01,Saudi Arabia,East Coast India,Crude Oil,Tanker,12.81,USD,Metric Ton,Actual,Baltic Exchange / S&P Global Platts,N/A,N/A
2020-10-01,United Arab Emirates,East Coast India,Crude Oil,Tanker,11.53,USD,Metric Ton,Actual,Baltic Exchange / S&P Global Platts,N/A,N/A
2020-10-01,Russia,East Coast India,Crude Oil,Tanker,19.24,USD,Metric Ton,Actual,Baltic Exchange / S&P Global Platts,N/A,N/A
2020-10-01,United Arab Emirates,East Coast India,Petroleum Products,Tanker,16.32,USD,Metric Ton,Actual,Baltic Exchange / S&P Global Platts,N/A,N/A
2020-10-01,Singapore,East Coast India,Petroleum Products,Tanker,11.05,USD,Metric Ton,Actual,Baltic Exchange / S&P Global Platts,N/A,N/A
2020-10-01,Saudi Arabia,East Coast India,Petroleum Products,Tanker,16.2,USD,Metric Ton,Actual,Baltic Exchange / S&P Global Platts,N/A,N/A
2020-11-01,Australia,East Coast India,Coal,Bulk Carrier,16.43,USD,Metric Ton,Actual,Baltic Exchange / S&P Global Platts,N/A,N/A
2020-11-01,Indonesia,East Coast India,Coal,Bulk Carrier,8.98,USD,Metric Ton,Actual,Baltic Exchange / S&P Global Platts,N/A,N/A
2020-11-01,South Africa,East Coast India,Coal,Bulk Carrier,14.08,USD,Metric Ton,Actual,Baltic Exchange / S&P Global Platts,N/A,N/A
2020-11-01,Russia,East Coast India,Coal,Bulk Carrier,16.99,USD,Metric Ton,Actual,Baltic Exchange / S&P Global Platts,N/A,N/A
2020-11-01,Australia,East Coast India,Iron Ore,Bulk Carrier,14.31,USD,Metric Ton,Actual,Baltic Exchange / S&P Global Platts,N/A,N/A
2020-11-01,Brazil,East Coast India,Iron Ore,Bulk Carrier,22.73,USD,Metric Ton,Actual,Baltic Exchange / S&P Global Platts,N/A,N/A
2020-11-01,South Africa,East Coast India,Iron Ore,Bulk Carrier,15.33,USD,Metric Ton,Actual,Baltic Exchange / S&P Global Platts,N/A,N/A
2020-11-01,Iraq,East Coast India,Crude Oil,Tanker,13,USD,Metric Ton,Actual,Baltic Exchange / S&P Global Platts,N/A,N/A
2020-11-01,Saudi Arabia,East Coast India,Crude Oil,Tanker,11.9,USD,Metric Ton,Actual,Baltic Exchange / S&P Global Platts,N/A,N/A
2020-11-01,United Arab Emirates,East Coast India,Crude Oil,Tanker,11.65,USD,Metric Ton,Actual,Baltic Exchange / S&P Global Platts,N/A,N/A
2020-11-01,Russia,East Coast India,Crude Oil,Tanker,20.3,USD,Metric Ton,Actual,Baltic Exchange / S&P Global Platts,N/A,N/A
2020-11-01,United Arab Emirates,East Coast India,Petroleum Products,Tanker,15.83,USD,Metric Ton,Actual,Baltic Exchange / S&P Global Platts,N/A,N/A
2020-11-01,Singapore,East Coast India,Petroleum Products,Tanker,10.97,USD,Metric Ton,Actual,Baltic Exchange / S&P Global Platts,N/A,N/A
2020-11-01,Saudi Arabia,East Coast India,Petroleum Products,Tanker,15.69,USD,Metric Ton,Actual,Baltic Exchange / S&P Global Platts,N/A,N/A
2020-12-01,Australia,East Coast India,Coal,Bulk Carrier,16.72,USD,Metric Ton,Actual,Baltic Exchange / S&P Global Platts,N/A,N/A
2020-12-01,Indonesia,East Coast India,Coal,Bulk Carrier,9.11,USD,Metric Ton,Actual,Baltic Exchange / S&P Global Platts,N/A,N/A
2020-12-01,South Africa,East Coast India,Coal,Bulk Carrier,14.55,USD,Metric Ton,Actual,Baltic Exchange / S&P Global Platts,N/A,N/A
2020-12-01,Russia,East Coast India,Coal,Bulk Carrier,18.06,USD,Metric Ton,Actual,Baltic Exchange / S&P Global Platts,N/A,N/A
2020-12-01,Australia,East Coast India,Iron Ore,Bulk Carrier,14.46,USD,Metric Ton,Actual,Baltic Exchange / S&P Global Platts,N/A,N/A
2020-12-01,Brazil,East Coast India,Iron Ore,Bulk Carrier,24.75,USD,Metric Ton,Actual,Baltic Exchange / S&P Global Platts,N/A,N/A
2020-12-01,South Africa,East Coast India,Iron Ore,Bulk Carrier,15.2,USD,Metric Ton,Actual,Baltic Exchange / S&P Global Platts,N/A,N/A
2020-12-01,Iraq,East Coast India,Crude Oil,Tanker,13.37,USD,Metric Ton,Actual,Baltic Exchange / S&P Global Platts,N/A,N/A
2020-12-01,Saudi Arabia,East Coast India,Crude Oil,Tanker,12.82,USD,Metric Ton,Actual,Baltic Exchange / S&P Global Platts,N/A,N/A
2020-12-01,United Arab Emirates,East Coast India,Crude Oil,Tanker,12.14,USD,Metric Ton,Actual,Baltic Exchange / S&P Global Platts,N/A,N/A
2020-12-01,Russia,East Coast India,Crude Oil,Tanker,18.99,USD,Metric Ton,Actual,Baltic Exchange / S&P Global Platts,N/A,N/A
2020-12-01,United Arab Emirates,East Coast India,Petroleum Products,Tanker,17.05,USD,Metric Ton,Actual,Baltic Exchange / S&P Global Platts,N/A,N/A
2020-12-01,Singapore,East Coast India,Petroleum Products,Tanker,11.34,USD,Metric Ton,Actual,Baltic Exchange / S&P Global Platts,N/A,N/A
2020-12-01,Saudi Arabia,East Coast India,Petroleum Products,Tanker,15.45,USD,Metric Ton,Actual,Baltic Exchange / S&P Global Platts,N/A,N/A
2021-01-01,Australia,East Coast India,Coal,Bulk Carrier,15.91,USD,Metric Ton,Actual,Baltic Exchange / S&P Global Platts,N/A,N/A
2021-01-01,Indonesia,East Coast India,Coal,Bulk Carrier,9.86,USD,Metric Ton,Actual,Baltic Exchange / S&P Global Platts,N/A,N/A
2021-01-01,South Africa,East Coast India,Coal,Bulk Carrier,15.22,USD,Metric Ton,Actual,Baltic Exchange / S&P Global Platts,N/A,N/A
2021-01-01,Russia,East Coast India,Coal,Bulk Carrier,17.51,USD,Metric Ton,Actual,Baltic Exchange / S&P Global Platts,N/A,N/A
2021-01-01,Australia,East Coast India,Iron Ore,Bulk Carrier,15.54,USD,Metric Ton,Actual,Baltic Exchange / S&P Global Platts,N/A,N/A
2021-01-01,Brazil,East Coast India,Iron Ore,Bulk Carrier,24.61,USD,Metric Ton,Actual,Baltic Exchange / S&P Global Platts,N/A,N/A
2021-01-01,South Africa,East Coast India,Iron Ore,Bulk Carrier,16.33,USD,Metric Ton,Actual,Baltic Exchange / S&P Global Platts,N/A,N/A
2021-01-01,Iraq,East Coast India,Crude Oil,Tanker,13.35,USD,Metric Ton,Actual,Baltic Exchange / S&P Global Platts,N/A,N/A
2021-01-01,Saudi Arabia,East Coast India,Crude Oil,Tanker,13.48,USD,Metric Ton,Actual,Baltic Exchange / S&P Global Platts,N/A,N/A
2021-01-01,United Arab Emirates,East Coast India,Crude Oil,Tanker,12.51,USD,Metric Ton,Actual,Baltic Exchange / S&P Global Platts,N/A,N/A
2021-01-01,Russia,East Coast India,Crude Oil,Tanker,21.6,USD,Metric Ton,Actual,Baltic Exchange / S&P Global Platts,N/A,N/A
2021-01-01,United Arab Emirates,East Coast India,Petroleum Products,Tanker,16.62,USD,Metric Ton,Actual,Baltic Exchange / S&P Global Platts,N/A,N/A
2021-01-01,Singapore,East Coast India,Petroleum Products,Tanker,11.88,USD,Metric Ton,Actual,Baltic Exchange / S&P Global Platts,N/A,N/A
2021-01-01,Saudi Arabia,East Coast India,Petroleum Products,Tanker,16.03,USD,Metric Ton,Actual,Baltic Exchange / S&P Global Platts,N/A,N/A
2021-02-01,Australia,East Coast India,Coal,Bulk Carrier,18.14,USD,Metric Ton,Actual,Baltic Exchange / S&P Global Platts,N/A,N/A
2021-02-01,Indonesia,East Coast India,Coal,Bulk Carrier,10.58,USD,Metric Ton,Actual,Baltic Exchange / S&P Global Platts,N/A,N/A
2021-02-01,South Africa,East Coast India,Coal,Bulk Carrier,15.22,USD,Metric Ton,Actual,Baltic Exchange / S&P Global Platts,N/A,N/A
2021-02-01,Russia,East Coast India,Coal,Bulk Carrier,19.51,USD,Metric Ton,Actual,Baltic Exchange / S&P Global Platts,N/A,N/A
2021-02-01,Australia,East Coast India,Iron Ore,Bulk Carrier,16.71,USD,Metric Ton,Actual,Baltic Exchange / S&P Global Platts,N/A,N/A
2021-02-01,Brazil,East Coast India,Iron Ore,Bulk Carrier,26.55,USD,Metric Ton,Actual,Baltic Exchange / S&P Global Platts,N/A,N/A
2021-02-01,South Africa,East Coast India,Iron Ore,Bulk Carrier,16.85,USD,Metric Ton,Actual,Baltic Exchange / S&P Global Platts,N/A,N/A
2021-02-01,Iraq,East Coast India,Crude Oil,Tanker,14.03,USD,Metric Ton,Actual,Baltic Exchange / S&P Global Platts,N/A,N/A
2021-02-01,Saudi Arabia,East Coast India,Crude Oil,Tanker,13.24,USD,Metric Ton,Actual,Baltic Exchange / S&P Global Platts,N/A,N/A
2021-02-01,United Arab Emirates,East Coast India,Crude Oil,Tanker,13.72,USD,Metric Ton,Actual,Baltic Exchange / S&P Global Platts,N/A,N/A
2021-02-01,Russia,East Coast India,Crude Oil,Tanker,22.46,USD,Metric Ton,Actual,Baltic Exchange / S&P Global Platts,N/A,N/A
2021-02-01,United Arab Emirates,East Coast India,Petroleum Products,Tanker,18.24,USD,Metric Ton,Actual,Baltic Exchange / S&P Global Platts,N/A,N/A
2021-02-01,Singapore,East Coast India,Petroleum Products,Tanker,12.4,USD,Metric Ton,Actual,Baltic Exchange / S&P Global Platts,N/A,N/A
2021-02-01,Saudi Arabia,East Coast India,Petroleum Products,Tanker,17.14,USD,Metric Ton,Actual,Baltic Exchange / S&P Global Platts,N/A,N/A
2021-03-01,Australia,East Coast India,Coal,Bulk Carrier,18.53,USD,Metric Ton,Actual,Baltic Exchange / S&P Global Platts,N/A,N/A
2021-03-01,Indonesia,East Coast India,Coal,Bulk Carrier,11.05,USD,Metric Ton,Actual,Baltic Exchange / S&P Global Platts,N/A,N/A
2021-03-01,South Africa,East Coast India,Coal,Bulk Carrier,16.88,USD,Metric Ton,Actual,Baltic Exchange / S&P Global Platts,N/A,N/A
2021-03-01,Russia,East Coast India,Coal,Bulk Carrier,20.56,USD,Metric Ton,Actual,Baltic Exchange / S&P Global Platts,N/A,N/A
2021-03-01,Australia,East Coast India,Iron Ore,Bulk Carrier,17.11,USD,Metric Ton,Actual,Baltic Exchange / S&P Global Platts,N/A,N/A
2021-03-01,Brazil,East Coast India,Iron Ore,Bulk Carrier,26.36,USD,Metric Ton,Actual,Baltic Exchange / S&P Global Platts,N/A,N/A
2021-03-01,South Africa,East Coast India,Iron Ore,Bulk Carrier,16.91,USD,Metric Ton,Actual,Baltic Exchange / S&P Global Platts,N/A,N/A
2021-03-01,Iraq,East Coast India,Crude Oil,Tanker,15.6,USD,Metric Ton,Actual,Baltic Exchange / S&P Global Platts,N/A,N/A
2021-03-01,Saudi Arabia,East Coast India,Crude Oil,Tanker,14.53,USD,Metric Ton,Actual,Baltic Exchange / S&P Global Platts,N/A,N/A
2021-03-01,United Arab Emirates,East Coast India,Crude Oil,Tanker,13.08,USD,Metric Ton,Actual,Baltic Exchange / S&P Global Platts,N/A,N/A
2021-03-01,Russia,East Coast India,Crude Oil,Tanker,21.6,USD,Metric Ton,Actual,Baltic Exchange / S&P Global Platts,N/A,N/A
2021-03-01,United Arab Emirates,East Coast India,Petroleum Products,Tanker,19.06,USD,Metric Ton,Actual,Baltic Exchange / S&P Global Platts,N/A,N/A
2021-03-01,Singapore,East Coast India,Petroleum Products,Tanker,12.48,USD,Metric Ton,Actual,Baltic Exchange / S&P Global Platts,N/A,N/A
2021-03-01,Saudi Arabia,East Coast India,Petroleum Products,Tanker,17.51,USD,Metric Ton,Actual,Baltic Exchange / S&P Global Platts,N/A,N/A
2021-04-01,Australia,East Coast India,Coal,Bulk Carrier,18.94,USD,Metric Ton,Actual,Baltic Exchange / S&P Global Platts,N/A,N/A
2021-04-01,Indonesia,East Coast India,Coal,Bulk Carrier,11.26,USD,Metric Ton,Actual,Baltic Exchange / S&P Global Platts,N/A,N/A
2021-04-01,South Africa,East Coast India,Coal,Bulk Carrier,17.16,USD,Metric Ton,Actual,Baltic Exchange / S&P Global Platts,N/A,N/A
2021-04-01,Russia,East Coast India,Coal,Bulk Carrier,20.23,USD,Metric Ton,Actual,Baltic Exchange / S&P Global Platts,N/A,N/A
2021-04-01,Australia,East Coast India,Iron Ore,Bulk Carrier,17.92,USD,Metric Ton,Actual,Baltic Exchange / S&P Global Platts,N/A,N/A
2021-04-01,Brazil,East Coast India,Iron Ore,Bulk Carrier,27.85,USD,Metric Ton,Actual,Baltic Exchange / S&P Global Platts,N/A,N/A
2021-04-01,South Africa,East Coast India,Iron Ore,Bulk Carrier,17.88,USD,Metric Ton,Actual,Baltic Exchange / S&P Global Platts,N/A,N/A
2021-04-01,Iraq,East Coast India,Crude Oil,Tanker,15.98,USD,Metric Ton,Actual,Baltic Exchange / S&P Global Platts,N/A,N/A
2021-04-01,Saudi Arabia,East Coast India,Crude Oil,Tanker,15.17,USD,Metric Ton,Actual,Baltic Exchange / S&P Global Platts,N/A,N/A
2021-04-01,United Arab Emirates,East Coast India,Crude Oil,Tanker,14.8,USD,Metric Ton,Actual,Baltic Exchange / S&P Global Platts,N/A,N/A
2021-04-01,Russia,East Coast India,Crude Oil,Tanker,23.77,USD,Metric Ton,Actual,Baltic Exchange / S&P Global Platts,N/A,N/A
2021-04-01,United Arab Emirates,East Coast India,Petroleum Products,Tanker,19.63,USD,Metric Ton,Actual,Baltic Exchange / S&P Global Platts,N/A,N/A
2021-04-01,Singapore,East Coast India,Petroleum Products,Tanker,13.1,USD,Metric Ton,Actual,Baltic Exchange / S&P Global Platts,N/A,N/A
2021-04-01,Saudi Arabia,East Coast India,Petroleum Products,Tanker,18.6,USD,Metric Ton,Actual,Baltic Exchange / S&P Global Platts,N/A,N/A
2021-05-01,Australia,East Coast India,Coal,Bulk Carrier,19.12,USD,Metric Ton,Actual,Baltic Exchange / S&P Global Platts,N/A,N/A
2021-05-01,Indonesia,East Coast India,Coal,Bulk Carrier,11.18,USD,Metric Ton,Actual,Baltic Exchange / S&P Global Platts,N/A,N/A
2021-05-01,South Africa,East Coast India,Coal,Bulk Carrier,18.38,USD,Metric Ton,Actual,Baltic Exchange / S&P Global Platts,N/A,N/A
2021-05-01,Russia,East Coast India,Coal,Bulk Carrier,21.37,USD,Metric Ton,Actual,Baltic Exchange / S&P Global Platts,N/A,N/A
2021-05-01,Australia,East Coast India,Iron Ore,Bulk Carrier,18.94,USD,Metric Ton,Actual,Baltic Exchange / S&P Global Platts,N/A,N/A
2021-05-01,Brazil,East Coast India,Iron Ore,Bulk Carrier,30.09,USD,Metric Ton,Actual,Baltic Exchange / S&P Global Platts,N/A,N/A
2021-05-01,South Africa,East Coast India,Iron Ore,Bulk Carrier,19.46,USD,Metric Ton,Actual,Baltic Exchange / S&P Global Platts,N/A,N/A
2021-05-01,Iraq,East Coast India,Crude Oil,Tanker,16.2,USD,Metric Ton,Actual,Baltic Exchange / S&P Global Platts,N/A,N/A
2021-05-01,Saudi Arabia,East Coast India,Crude Oil,Tanker,15.64,USD,Metric Ton,Actual,Baltic Exchange / S&P Global Platts,N/A,N/A
2021-05-01,United Arab Emirates,East Coast India,Crude Oil,Tanker,14.84,USD,Metric Ton,Actual,Baltic Exchange / S&P Global Platts,N/A,N/A
2021-05-01,Russia,East Coast India,Crude Oil,Tanker,23.56,USD,Metric Ton,Actual,Baltic Exchange / S&P Global Platts,N/A,N/A
2021-05-01,United Arab Emirates,East Coast India,Petroleum Products,Tanker,20.7,USD,Metric Ton,Actual,Baltic Exchange / S&P Global Platts,N/A,N/A
2021-05-01,Singapore,East Coast India,Petroleum Products,Tanker,13.86,USD,Metric Ton,Actual,Baltic Exchange / S&P Global Platts,N/A,N/A
2021-05-01,Saudi Arabia,East Coast India,Petroleum Products,Tanker,18.64,USD,Metric Ton,Actual,Baltic Exchange / S&P Global Platts,N/A,N/A
2021-06-01,Australia,East Coast India,Coal,Bulk Carrier,20.6,USD,Metric Ton,Actual,Baltic Exchange / S&P Global Platts,N/A,N/A
2021-06-01,Indonesia,East Coast India,Coal,Bulk Carrier,11.52,USD,Metric Ton,Actual,Baltic Exchange / S&P Global Platts,N/A,N/A
2021-06-01,South Africa,East Coast India,Coal,Bulk Carrier,19,USD,Metric Ton,Actual,Baltic Exchange / S&P Global Platts,N/A,N/A
2021-06-01,Russia,East Coast India,Coal,Bulk Carrier,23.42,USD,Metric Ton,Actual,Baltic Exchange / S&P Global Platts,N/A,N/A
2021-06-01,Australia,East Coast India,Iron Ore,Bulk Carrier,19.68,USD,Metric Ton,Actual,Baltic Exchange / S&P Global Platts,N/A,N/A
2021-06-01,Brazil,East Coast India,Iron Ore,Bulk Carrier,30.4,USD,Metric Ton,Actual,Baltic Exchange / S&P Global Platts,N/A,N/A
2021-06-01,South Africa,East Coast India,Iron Ore,Bulk Carrier,18.65,USD,Metric Ton,Actual,Baltic Exchange / S&P Global Platts,N/A,N/A
2021-06-01,Iraq,East Coast India,Crude Oil,Tanker,17.52,USD,Metric Ton,Actual,Baltic Exchange / S&P Global Platts,N/A,N/A
2021-06-01,Saudi Arabia,East Coast India,Crude Oil,Tanker,15.98,USD,Metric Ton,Actual,Baltic Exchange / S&P Global Platts,N/A,N/A
2021-06-01,United Arab Emirates,East Coast India,Crude Oil,Tanker,16.12,USD,Metric Ton,Actual,Baltic Exchange / S&P Global Platts,N/A,N/A
2021-06-01,Russia,East Coast India,Crude Oil,Tanker,26.37,USD,Metric Ton,Actual,Baltic Exchange / S&P Global Platts,N/A,N/A
2021-06-01,United Arab Emirates,East Coast India,Petroleum Products,Tanker,21.74,USD,Metric Ton,Actual,Baltic Exchange / S&P Global Platts,N/A,N/A
2021-06-01,Singapore,East Coast India,Petroleum Products,Tanker,14.4,USD,Metric Ton,Actual,Baltic Exchange / S&P Global Platts,N/A,N/A
2021-06-01,Saudi Arabia,East Coast India,Petroleum Products,Tanker,20.07,USD,Metric Ton,Actual,Baltic Exchange / S&P Global Platts,N/A,N/A
2021-07-01,Australia,East Coast India,Coal,Bulk Carrier,21.76,USD,Metric Ton,Actual,Baltic Exchange / S&P Global Platts,N/A,N/A
2021-07-01,Indonesia,East Coast India,Coal,Bulk Carrier,12.1,USD,Metric Ton,Actual,Baltic Exchange / S&P Global Platts,N/A,N/A
2021-07-01,South Africa,East Coast India,Coal,Bulk Carrier,18.23,USD,Metric Ton,Actual,Baltic Exchange / S&P Global Platts,N/A,N/A
2021-07-01,Russia,East Coast India,Coal,Bulk Carrier,23.33,USD,Metric Ton,Actual,Baltic Exchange / S&P Global Platts,N/A,N/A
2021-07-01,Australia,East Coast India,Iron Ore,Bulk Carrier,20.43,USD,Metric Ton,Actual,Baltic Exchange / S&P Global Platts,N/A,N/A
2021-07-01,Brazil,East Coast India,Iron Ore,Bulk Carrier,32.53,USD,Metric Ton,Actual,Baltic Exchange / S&P Global Platts,N/A,N/A
2021-07-01,South Africa,East Coast India,Iron Ore,Bulk Carrier,20.44,USD,Metric Ton,Actual,Baltic Exchange / S&P Global Platts,N/A,N/A
2021-07-01,Iraq,East Coast India,Crude Oil,Tanker,16.7,USD,Metric Ton,Actual,Baltic Exchange / S&P Global Platts,N/A,N/A
2021-07-01,Saudi Arabia,East Coast India,Crude Oil,Tanker,16.87,USD,Metric Ton,Actual,Baltic Exchange / S&P Global Platts,N/A,N/A
2021-07-01,United Arab Emirates,East Coast India,Crude Oil,Tanker,16.73,USD,Metric Ton,Actual,Baltic Exchange / S&P Global Platts,N/A,N/A
2021-07-01,Russia,East Coast India,Crude Oil,Tanker,25.16,USD,Metric Ton,Actual,Baltic Exchange / S&P Global Platts,N/A,N/A
2021-07-01,United Arab Emirates,East Coast India,Petroleum Products,Tanker,21.79,USD,Metric Ton,Actual,Baltic Exchange / S&P Global Platts,N/A,N/A
2021-07-01,Singapore,East Coast India,Petroleum Products,Tanker,15.8,USD,Metric Ton,Actual,Baltic Exchange / S&P Global Platts,N/A,N/A
2021-07-01,Saudi Arabia,East Coast India,Petroleum Products,Tanker,21.53,USD,Metric Ton,Actual,Baltic Exchange / S&P Global Platts,N/A,N/A
2021-08-01,Australia,East Coast India,Coal,Bulk Carrier,22.18,USD,Metric Ton,Actual,Baltic Exchange / S&P Global Platts,N/A,N/A
2021-08-01,Indonesia,East Coast India,Coal,Bulk Carrier,13.01,USD,Metric Ton,Actual,Baltic Exchange / S&P Global Platts,N/A,N/A
2021-08-01,South Africa,East Coast India,Coal,Bulk Carrier,19.23,USD,Metric Ton,Actual,Baltic Exchange / S&P Global Platts,N/A,N/A
2021-08-01,Russia,East Coast India,Coal,Bulk Carrier,23.5,USD,Metric Ton,Actual,Baltic Exchange / S&P Global Platts,N/A,N/A
2021-08-01,Australia,East Coast India,Iron Ore,Bulk Carrier,20.88,USD,Metric Ton,Actual,Baltic Exchange / S&P Global Platts,N/A,N/A
2021-08-01,Brazil,East Coast India,Iron Ore,Bulk Carrier,34.02,USD,Metric Ton,Actual,Baltic Exchange / S&P Global Platts,N/A,N/A
2021-08-01,South Africa,East Coast India,Iron Ore,Bulk Carrier,21.77,USD,Metric Ton,Actual,Baltic Exchange / S&P Global Platts,N/A,N/A
2021-08-01,Iraq,East Coast India,Crude Oil,Tanker,18.74,USD,Metric Ton,Actual,Baltic Exchange / S&P Global Platts,N/A,N/A
2021-08-01,Saudi Arabia,East Coast India,Crude Oil,Tanker,17.27,USD,Metric Ton,Actual,Baltic Exchange / S&P Global Platts,N/A,N/A
2021-08-01,United Arab Emirates,East Coast India,Crude Oil,Tanker,16.5,USD,Metric Ton,Actual,Baltic Exchange / S&P Global Platts,N/A,N/A
2021-08-01,Russia,East Coast India,Crude Oil,Tanker,27.81,USD,Metric Ton,Actual,Baltic Exchange / S&P Global Platts,N/A,N/A
2021-08-01,United Arab Emirates,East Coast India,Petroleum Products,Tanker,22.84,USD,Metric Ton,Actual,Baltic Exchange / S&P Global Platts,N/A,N/A
2021-08-01,Singapore,East Coast India,Petroleum Products,Tanker,16.07,USD,Metric Ton,Actual,Baltic Exchange / S&P Global Platts,N/A,N/A
2021-08-01,Saudi Arabia,East Coast India,Petroleum Products,Tanker,22.39,USD,Metric Ton,Actual,Baltic Exchange / S&P Global Platts,N/A,N/A
2021-09-01,Australia,East Coast India,Coal,Bulk Carrier,23.35,USD,Metric Ton,Actual,Baltic Exchange / S&P Global Platts,N/A,N/A
2021-09-01,Indonesia,East Coast India,Coal,Bulk Carrier,12.96,USD,Metric Ton,Actual,Baltic Exchange / S&P Global Platts,N/A,N/A
2021-09-01,South Africa,East Coast India,Coal,Bulk Carrier,19.9,USD,Metric Ton,Actual,Baltic Exchange / S&P Global Platts,N/A,N/A
2021-09-01,Russia,East Coast India,Coal,Bulk Carrier,23.79,USD,Metric Ton,Actual,Baltic Exchange / S&P Global Platts,N/A,N/A
2021-09-01,Australia,East Coast India,Iron Ore,Bulk Carrier,21.09,USD,Metric Ton,Actual,Baltic Exchange / S&P Global Platts,N/A,N/A
2021-09-01,Brazil,East Coast India,Iron Ore,Bulk Carrier,32.52,USD,Metric Ton,Actual,Baltic Exchange / S&P Global Platts,N/A,N/A
2021-09-01,South Africa,East Coast India,Iron Ore,Bulk Carrier,21.63,USD,Metric Ton,Actual,Baltic Exchange / S&P Global Platts,N/A,N/A
2021-09-01,Iraq,East Coast India,Crude Oil,Tanker,18.68,USD,Metric Ton,Actual,Baltic Exchange / S&P Global Platts,N/A,N/A
2021-09-01,Saudi Arabia,East Coast India,Crude Oil,Tanker,17.44,USD,Metric Ton,Actual,Baltic Exchange / S&P Global Platts,N/A,N/A
2021-09-01,United Arab Emirates,East Coast India,Crude Oil,Tanker,17.2,USD,Metric Ton,Actual,Baltic Exchange / S&P Global Platts,N/A,N/A
2021-09-01,Russia,East Coast India,Crude Oil,Tanker,26.59,USD,Metric Ton,Actual,Baltic Exchange / S&P Global Platts,N/A,N/A
2021-09-01,United Arab Emirates,East Coast India,Petroleum Products,Tanker,22.17,USD,Metric Ton,Actual,Baltic Exchange / S&P Global Platts,N/A,N/A
2021-09-01,Singapore,East Coast India,Petroleum Products,Tanker,16.8,USD,Metric Ton,Actual,Baltic Exchange / S&P Global Platts,N/A,N/A
2021-09-01,Saudi Arabia,East Coast India,Petroleum Products,Tanker,22.16,USD,Metric Ton,Actual,Baltic Exchange / S&P Global Platts,N/A,N/A
2021-10-01,Australia,East Coast India,Coal,Bulk Carrier,22.33,USD,Metric Ton,Actual,Baltic Exchange / S&P Global Platts,N/A,N/A
2021-10-01,Indonesia,East Coast India,Coal,Bulk Carrier,13.63,USD,Metric Ton,Actual,Baltic Exchange / S&P Global Platts,N/A,N/A
2021-10-01,South Africa,East Coast India,Coal,Bulk Carrier,21.36,USD,Metric Ton,Actual,Baltic Exchange / S&P Global Platts,N/A,N/A
2021-10-01,Russia,East Coast India,Coal,Bulk Carrier,24.87,USD,Metric Ton,Actual,Baltic Exchange / S&P Global Platts,N/A,N/A
2021-10-01,Australia,East Coast India,Iron Ore,Bulk Carrier,21.87,USD,Metric Ton,Actual,Baltic Exchange / S&P Global Platts,N/A,N/A
2021-10-01,Brazil,East Coast India,Iron Ore,Bulk Carrier,33.74,USD,Metric Ton,Actual,Baltic Exchange / S&P Global Platts,N/A,N/A
2021-10-01,South Africa,East Coast India,Iron Ore,Bulk Carrier,21.4,USD,Metric Ton,Actual,Baltic Exchange / S&P Global Platts,N/A,N/A
2021-10-01,Iraq,East Coast India,Crude Oil,Tanker,19.26,USD,Metric Ton,Actual,Baltic Exchange / S&P Global Platts,N/A,N/A
2021-10-01,Saudi Arabia,East Coast India,Crude Oil,Tanker,18.47,USD,Metric Ton,Actual,Baltic Exchange / S&P Global Platts,N/A,N/A
2021-10-01,United Arab Emirates,East Coast India,Crude Oil,Tanker,17.84,USD,Metric Ton,Actual,Baltic Exchange / S&P Global Platts,N/A,N/A
2021-10-01,Russia,East Coast India,Crude Oil,Tanker,29.45,USD,Metric Ton,Actual,Baltic Exchange / S&P Global Platts,N/A,N/A
2021-10-01,United Arab Emirates,East Coast India,Petroleum Products,Tanker,25.14,USD,Metric Ton,Actual,Baltic Exchange / S&P Global Platts,N/A,N/A
2021-10-01,Singapore,East Coast India,Petroleum Products,Tanker,16.83,USD,Metric Ton,Actual,Baltic Exchange / S&P Global Platts,N/A,N/A
2021-10-01,Saudi Arabia,East Coast India,Petroleum Products,Tanker,22.79,USD,Metric Ton,Actual,Baltic Exchange / S&P Global Platts,N/A,N/A
2021-11-01,Australia,East Coast India,Coal,Bulk Carrier,24.63,USD,Metric Ton,Actual,Baltic Exchange / S&P Global Platts,N/A,N/A
2021-11-01,Indonesia,East Coast India,Coal,Bulk Carrier,13.7,USD,Metric Ton,Actual,Baltic Exchange / S&P Global Platts,N/A,N/A
2021-11-01,South Africa,East Coast India,Coal,Bulk Carrier,21.32,USD,Metric Ton,Actual,Baltic Exchange / S&P Global Platts,N/A,N/A
2021-11-01,Russia,East Coast India,Coal,Bulk Carrier,25.29,USD,Metric Ton,Actual,Baltic Exchange / S&P Global Platts,N/A,N/A
2021-11-01,Australia,East Coast India,Iron Ore,Bulk Carrier,21.22,USD,Metric Ton,Actual,Baltic Exchange / S&P Global Platts,N/A,N/A
2021-11-01,Brazil,East Coast India,Iron Ore,Bulk Carrier,37.98,USD,Metric Ton,Actual,Baltic Exchange / S&P Global Platts,N/A,N/A
2021-11-01,South Africa,East Coast India,Iron Ore,Bulk Carrier,23.88,USD,Metric Ton,Actual,Baltic Exchange / S&P Global Platts,N/A,N/A
2021-11-01,Iraq,East Coast India,Crude Oil,Tanker,20.19,USD,Metric Ton,Actual,Baltic Exchange / S&P Global Platts,N/A,N/A
2021-11-01,Saudi Arabia,East Coast India,Crude Oil,Tanker,18.8,USD,Metric Ton,Actual,Baltic Exchange / S&P Global Platts,N/A,N/A
2021-11-01,United Arab Emirates,East Coast India,Crude Oil,Tanker,17.56,USD,Metric Ton,Actual,Baltic Exchange / S&P Global Platts,N/A,N/A
2021-11-01,Russia,East Coast India,Crude Oil,Tanker,28.68,USD,Metric Ton,Actual,Baltic Exchange / S&P Global Platts,N/A,N/A
2021-11-01,United Arab Emirates,East Coast India,Petroleum Products,Tanker,24.13,USD,Metric Ton,Actual,Baltic Exchange / S&P Global Platts,N/A,N/A
2021-11-01,Singapore,East Coast India,Petroleum Products,Tanker,17.41,USD,Metric Ton,Actual,Baltic Exchange / S&P Global Platts,N/A,N/A
2021-11-01,Saudi Arabia,East Coast India,Petroleum Products,Tanker,24.44,USD,Metric Ton,Actual,Baltic Exchange / S&P Global Platts,N/A,N/A
2021-12-01,Australia,East Coast India,Coal,Bulk Carrier,25.04,USD,Metric Ton,Actual,Baltic Exchange / S&P Global Platts,N/A,N/A
2021-12-01,Indonesia,East Coast India,Coal,Bulk Carrier,14.13,USD,Metric Ton,Actual,Baltic Exchange / S&P Global Platts,N/A,N/A
2021-12-01,South Africa,East Coast India,Coal,Bulk Carrier,23.11,USD,Metric Ton,Actual,Baltic Exchange / S&P Global Platts,N/A,N/A
2021-12-01,Russia,East Coast India,Coal,Bulk Carrier,27.85,USD,Metric Ton,Actual,Baltic Exchange / S&P Global Platts,N/A,N/A
2021-12-01,Australia,East Coast India,Iron Ore,Bulk Carrier,23.07,USD,Metric Ton,Actual,Baltic Exchange / S&P Global Platts,N/A,N/A
2021-12-01,Brazil,East Coast India,Iron Ore,Bulk Carrier,37.82,USD,Metric Ton,Actual,Baltic Exchange / S&P Global Platts,N/A,N/A
2021-12-01,South Africa,East Coast India,Iron Ore,Bulk Carrier,23.61,USD,Metric Ton,Actual,Baltic Exchange / S&P Global Platts,N/A,N/A
2021-12-01,Iraq,East Coast India,Crude Oil,Tanker,19.89,USD,Metric Ton,Actual,Baltic Exchange / S&P Global Platts,N/A,N/A
2021-12-01,Saudi Arabia,East Coast India,Crude Oil,Tanker,19.27,USD,Metric Ton,Actual,Baltic Exchange / S&P Global Platts,N/A,N/A
2021-12-01,United Arab Emirates,East Coast India,Crude Oil,Tanker,19.18,USD,Metric Ton,Actual,Baltic Exchange / S&P Global Platts,N/A,N/A
2021-12-01,Russia,East Coast India,Crude Oil,Tanker,29.11,USD,Metric Ton,Actual,Baltic Exchange / S&P Global Platts,N/A,N/A
2021-12-01,United Arab Emirates,East Coast India,Petroleum Products,Tanker,24.52,USD,Metric Ton,Actual,Baltic Exchange / S&P Global Platts,N/A,N/A
2021-12-01,Singapore,East Coast India,Petroleum Products,Tanker,17.04,USD,Metric Ton,Actual,Baltic Exchange / S&P Global Platts,N/A,N/A
2021-12-01,Saudi Arabia,East Coast India,Petroleum Products,Tanker,23.52,USD,Metric Ton,Actual,Baltic Exchange / S&P Global Platts,N/A,N/A
2022-01-01,Australia,East Coast India,Coal,Bulk Carrier,24.9,USD,Metric Ton,Actual,Baltic Exchange / S&P Global Platts,N/A,N/A
2022-01-01,Indonesia,East Coast India,Coal,Bulk Carrier,14.38,USD,Metric Ton,Actual,Baltic Exchange / S&P Global Platts,N/A,N/A
2022-01-01,South Africa,East Coast India,Coal,Bulk Carrier,21.5,USD,Metric Ton,Actual,Baltic Exchange / S&P Global Platts,N/A,N/A
2022-01-01,Russia,East Coast India,Coal,Bulk Carrier,25.47,USD,Metric Ton,Actual,Baltic Exchange / S&P Global Platts,N/A,N/A
2022-01-01,Australia,East Coast India,Iron Ore,Bulk Carrier,22.37,USD,Metric Ton,Actual,Baltic Exchange / S&P Global Platts,N/A,N/A
2022-01-01,Brazil,East Coast India,Iron Ore,Bulk Carrier,36.39,USD,Metric Ton,Actual,Baltic Exchange / S&P Global Platts,N/A,N/A
2022-01-01,South Africa,East Coast India,Iron Ore,Bulk Carrier,22.46,USD,Metric Ton,Actual,Baltic Exchange / S&P Global Platts,N/A,N/A
2022-01-01,Iraq,East Coast India,Crude Oil,Tanker,19.77,USD,Metric Ton,Actual,Baltic Exchange / S&P Global Platts,N/A,N/A
2022-01-01,Saudi Arabia,East Coast India,Crude Oil,Tanker,18.88,USD,Metric Ton,Actual,Baltic Exchange / S&P Global Platts,N/A,N/A
2022-01-01,United Arab Emirates,East Coast India,Crude Oil,Tanker,18.45,USD,Metric Ton,Actual,Baltic Exchange / S&P Global Platts,N/A,N/A
2022-01-01,Russia,East Coast India,Crude Oil,Tanker,30.25,USD,Metric Ton,Actual,Baltic Exchange / S&P Global Platts,N/A,N/A
2022-01-01,United Arab Emirates,East Coast India,Petroleum Products,Tanker,23.74,USD,Metric Ton,Actual,Baltic Exchange / S&P Global Platts,N/A,N/A
2022-01-01,Singapore,East Coast India,Petroleum Products,Tanker,17.19,USD,Metric Ton,Actual,Baltic Exchange / S&P Global Platts,N/A,N/A
2022-01-01,Saudi Arabia,East Coast India,Petroleum Products,Tanker,24.35,USD,Metric Ton,Actual,Baltic Exchange / S&P Global Platts,N/A,N/A
2022-02-01,Australia,East Coast India,Coal,Bulk Carrier,23.45,USD,Metric Ton,Actual,Baltic Exchange / S&P Global Platts,N/A,N/A
2022-02-01,Indonesia,East Coast India,Coal,Bulk Carrier,14.23,USD,Metric Ton,Actual,Baltic Exchange / S&P Global Platts,N/A,N/A
2022-02-01,South Africa,East Coast India,Coal,Bulk Carrier,21.35,USD,Metric Ton,Actual,Baltic Exchange / S&P Global Platts,N/A,N/A
2022-02-01,Russia,East Coast India,Coal,Bulk Carrier,24.99,USD,Metric Ton,Actual,Baltic Exchange / S&P Global Platts,N/A,N/A
2022-02-01,Australia,East Coast India,Iron Ore,Bulk Carrier,20.89,USD,Metric Ton,Actual,Baltic Exchange / S&P Global Platts,N/A,N/A
2022-02-01,Brazil,East Coast India,Iron Ore,Bulk Carrier,36.07,USD,Metric Ton,Actual,Baltic Exchange / S&P Global Platts,N/A,N/A
2022-02-01,South Africa,East Coast India,Iron Ore,Bulk Carrier,21.56,USD,Metric Ton,Actual,Baltic Exchange / S&P Global Platts,N/A,N/A
2022-02-01,Iraq,East Coast India,Crude Oil,Tanker,19.57,USD,Metric Ton,Actual,Baltic Exchange / S&P Global Platts,N/A,N/A
2022-02-01,Saudi Arabia,East Coast India,Crude Oil,Tanker,19.41,USD,Metric Ton,Actual,Baltic Exchange / S&P Global Platts,N/A,N/A
2022-02-01,United Arab Emirates,East Coast India,Crude Oil,Tanker,17.92,USD,Metric Ton,Actual,Baltic Exchange / S&P Global Platts,N/A,N/A
2022-02-01,Russia,East Coast India,Crude Oil,Tanker,28.77,USD,Metric Ton,Actual,Baltic Exchange / S&P Global Platts,N/A,N/A
2022-02-01,United Arab Emirates,East Coast India,Petroleum Products,Tanker,24.6,USD,Metric Ton,Actual,Baltic Exchange / S&P Global Platts,N/A,N/A
2022-02-01,Singapore,East Coast India,Petroleum Products,Tanker,16.9,USD,Metric Ton,Actual,Baltic Exchange / S&P Global Platts,N/A,N/A
2022-02-01,Saudi Arabia,East Coast India,Petroleum Products,Tanker,23.55,USD,Metric Ton,Actual,Baltic Exchange / S&P Global Platts,N/A,N/A
2022-03-01,Australia,East Coast India,Coal,Bulk Carrier,23.85,USD,Metric Ton,Actual,Baltic Exchange / S&P Global Platts,N/A,N/A
2022-03-01,Indonesia,East Coast India,Coal,Bulk Carrier,13.24,USD,Metric Ton,Actual,Baltic Exchange / S&P Global Platts,N/A,N/A
2022-03-01,South Africa,East Coast India,Coal,Bulk Carrier,21.42,USD,Metric Ton,Actual,Baltic Exchange / S&P Global Platts,N/A,N/A
2022-03-01,Russia,East Coast India,Coal,Bulk Carrier,26.22,USD,Metric Ton,Actual,Baltic Exchange / S&P Global Platts,N/A,N/A
2022-03-01,Australia,East Coast India,Iron Ore,Bulk Carrier,20.62,USD,Metric Ton,Actual,Baltic Exchange / S&P Global Platts,N/A,N/A
2022-03-01,Brazil,East Coast India,Iron Ore,Bulk Carrier,33.16,USD,Metric Ton,Actual,Baltic Exchange / S&P Global Platts,N/A,N/A
2022-03-01,South Africa,East Coast India,Iron Ore,Bulk Carrier,21.17,USD,Metric Ton,Actual,Baltic Exchange / S&P Global Platts,N/A,N/A
2022-03-01,Iraq,East Coast India,Crude Oil,Tanker,17.99,USD,Metric Ton,Actual,Baltic Exchange / S&P Global Platts,N/A,N/A
2022-03-01,Saudi Arabia,East Coast India,Crude Oil,Tanker,17.38,USD,Metric Ton,Actual,Baltic Exchange / S&P Global Platts,N/A,N/A
2022-03-01,United Arab Emirates,East Coast India,Crude Oil,Tanker,17.64,USD,Metric Ton,Actual,Baltic Exchange / S&P Global Platts,N/A,N/A
2022-03-01,Russia,East Coast India,Crude Oil,Tanker,27.13,USD,Metric Ton,Actual,Baltic Exchange / S&P Global Platts,N/A,N/A
2022-03-01,United Arab Emirates,East Coast India,Petroleum Products,Tanker,23.2,USD,Metric Ton,Actual,Baltic Exchange / S&P Global Platts,N/A,N/A
2022-03-01,Singapore,East Coast India,Petroleum Products,Tanker,17.11,USD,Metric Ton,Actual,Baltic Exchange / S&P Global Platts,N/A,N/A
2022-03-01,Saudi Arabia,East Coast India,Petroleum Products,Tanker,21.75,USD,Metric Ton,Actual,Baltic Exchange / S&P Global Platts,N/A,N/A
2022-04-01,Australia,East Coast India,Coal,Bulk Carrier,22.93,USD,Metric Ton,Actual,Baltic Exchange / S&P Global Platts,N/A,N/A
2022-04-01,Indonesia,East Coast India,Coal,Bulk Carrier,12.75,USD,Metric Ton,Actual,Baltic Exchange / S&P Global Platts,N/A,N/A
2022-04-01,South Africa,East Coast India,Coal,Bulk Carrier,19.17,USD,Metric Ton,Actual,Baltic Exchange / S&P Global Platts,N/A,N/A
2022-04-01,Russia,East Coast India,Coal,Bulk Carrier,25.02,USD,Metric Ton,Actual,Baltic Exchange / S&P Global Platts,N/A,N/A
2022-04-01,Australia,East Coast India,Iron Ore,Bulk Carrier,20.97,USD,Metric Ton,Actual,Baltic Exchange / S&P Global Platts,N/A,N/A
2022-04-01,Brazil,East Coast India,Iron Ore,Bulk Carrier,35.01,USD,Metric Ton,Actual,Baltic Exchange / S&P Global Platts,N/A,N/A
2022-04-01,South Africa,East Coast India,Iron Ore,Bulk Carrier,21.97,USD,Metric Ton,Actual,Baltic Exchange / S&P Global Platts,N/A,N/A
2022-04-01,Iraq,East Coast India,Crude Oil,Tanker,18.96,USD,Metric Ton,Actual,Baltic Exchange / S&P Global Platts,N/A,N/A
2022-04-01,Saudi Arabia,East Coast India,Crude Oil,Tanker,17.25,USD,Metric Ton,Actual,Baltic Exchange / S&P Global Platts,N/A,N/A
2022-04-01,United Arab Emirates,East Coast India,Crude Oil,Tanker,16.32,USD,Metric Ton,Actual,Baltic Exchange / S&P Global Platts,N/A,N/A
2022-04-01,Russia,East Coast India,Crude Oil,Tanker,28.29,USD,Metric Ton,Actual,Baltic Exchange / S&P Global Platts,N/A,N/A
2022-04-01,United Arab Emirates,East Coast India,Petroleum Products,Tanker,23.71,USD,Metric Ton,Actual,Baltic Exchange / S&P Global Platts,N/A,N/A
2022-04-01,Singapore,East Coast India,Petroleum Products,Tanker,16.89,USD,Metric Ton,Actual,Baltic Exchange / S&P Global Platts,N/A,N/A
2022-04-01,Saudi Arabia,East Coast India,Petroleum Products,Tanker,22.04,USD,Metric Ton,Actual,Baltic Exchange / S&P Global Platts,N/A,N/A
2022-05-01,Australia,East Coast India,Coal,Bulk Carrier,21.35,USD,Metric Ton,Actual,Baltic Exchange / S&P Global Platts,N/A,N/A
2022-05-01,Indonesia,East Coast India,Coal,Bulk Carrier,13.03,USD,Metric Ton,Actual,Baltic Exchange / S&P Global Platts,N/A,N/A
2022-05-01,South Africa,East Coast India,Coal,Bulk Carrier,19.08,USD,Metric Ton,Actual,Baltic Exchange / S&P Global Platts,N/A,N/A
2022-05-01,Russia,East Coast India,Coal,Bulk Carrier,24.89,USD,Metric Ton,Actual,Baltic Exchange / S&P Global Platts,N/A,N/A
2022-05-01,Australia,East Coast India,Iron Ore,Bulk Carrier,20.86,USD,Metric Ton,Actual,Baltic Exchange / S&P Global Platts,N/A,N/A
2022-05-01,Brazil,East Coast India,Iron Ore,Bulk Carrier,32.58,USD,Metric Ton,Actual,Baltic Exchange / S&P Global Platts,N/A,N/A
2022-05-01,South Africa,East Coast India,Iron Ore,Bulk Carrier,21.41,USD,Metric Ton,Actual,Baltic Exchange / S&P Global Platts,N/A,N/A
2022-05-01,Iraq,East Coast India,Crude Oil,Tanker,18.36,USD,Metric Ton,Actual,Baltic Exchange / S&P Global Platts,N/A,N/A
2022-05-01,Saudi Arabia,East Coast India,Crude Oil,Tanker,16.47,USD,Metric Ton,Actual,Baltic Exchange / S&P Global Platts,N/A,N/A
2022-05-01,United Arab Emirates,East Coast India,Crude Oil,Tanker,17.07,USD,Metric Ton,Actual,Baltic Exchange / S&P Global Platts,N/A,N/A
2022-05-01,Russia,East Coast India,Crude Oil,Tanker,26.86,USD,Metric Ton,Actual,Baltic Exchange / S&P Global Platts,N/A,N/A
2022-05-01,United Arab Emirates,East Coast India,Petroleum Products,Tanker,23.11,USD,Metric Ton,Actual,Baltic Exchange / S&P Global Platts,N/A,N/A
2022-05-01,Singapore,East Coast India,Petroleum Products,Tanker,15.38,USD,Metric Ton,Actual,Baltic Exchange / S&P Global Platts,N/A,N/A
2022-05-01,Saudi Arabia,East Coast India,Petroleum Products,Tanker,22.48,USD,Metric Ton,Actual,Baltic Exchange / S&P Global Platts,N/A,N/A
2022-06-01,Australia,East Coast India,Coal,Bulk Carrier,20.79,USD,Metric Ton,Actual,Baltic Exchange / S&P Global Platts,N/A,N/A
2022-06-01,Indonesia,East Coast India,Coal,Bulk Carrier,11.72,USD,Metric Ton,Actual,Baltic Exchange / S&P Global Platts,N/A,N/A
2022-06-01,South Africa,East Coast India,Coal,Bulk Carrier,19.61,USD,Metric Ton,Actual,Baltic Exchange / S&P Global Platts,N/A,N/A
2022-06-01,Russia,East Coast India,Coal,Bulk Carrier,22.25,USD,Metric Ton,Actual,Baltic Exchange / S&P Global Platts,N/A,N/A
2022-06-01,Australia,East Coast India,Iron Ore,Bulk Carrier,19.22,USD,Metric Ton,Actual,Baltic Exchange / S&P Global Platts,N/A,N/A
2022-06-01,Brazil,East Coast India,Iron Ore,Bulk Carrier,33.34,USD,Metric Ton,Actual,Baltic Exchange / S&P Global Platts,N/A,N/A
2022-06-01,South Africa,East Coast India,Iron Ore,Bulk Carrier,21.21,USD,Metric Ton,Actual,Baltic Exchange / S&P Global Platts,N/A,N/A
2022-06-01,Iraq,East Coast India,Crude Oil,Tanker,17.53,USD,Metric Ton,Actual,Baltic Exchange / S&P Global Platts,N/A,N/A
2022-06-01,Saudi Arabia,East Coast India,Crude Oil,Tanker,16.89,USD,Metric Ton,Actual,Baltic Exchange / S&P Global Platts,N/A,N/A
2022-06-01,United Arab Emirates,East Coast India,Crude Oil,Tanker,15.87,USD,Metric Ton,Actual,Baltic Exchange / S&P Global Platts,N/A,N/A
2022-06-01,Russia,East Coast India,Crude Oil,Tanker,25.56,USD,Metric Ton,Actual,Baltic Exchange / S&P Global Platts,N/A,N/A
2022-06-01,United Arab Emirates,East Coast India,Petroleum Products,Tanker,21.38,USD,Metric Ton,Actual,Baltic Exchange / S&P Global Platts,N/A,N/A
2022-06-01,Singapore,East Coast India,Petroleum Products,Tanker,15.49,USD,Metric Ton,Actual,Baltic Exchange / S&P Global Platts,N/A,N/A
2022-06-01,Saudi Arabia,East Coast India,Petroleum Products,Tanker,21.56,USD,Metric Ton,Actual,Baltic Exchange / S&P Global Platts,N/A,N/A
2022-07-01,Australia,East Coast India,Coal,Bulk Carrier,21.02,USD,Metric Ton,Actual,Baltic Exchange / S&P Global Platts,N/A,N/A
2022-07-01,Indonesia,East Coast India,Coal,Bulk Carrier,12.32,USD,Metric Ton,Actual,Baltic Exchange / S&P Global Platts,N/A,N/A
2022-07-01,South Africa,East Coast India,Coal,Bulk Carrier,17.56,USD,Metric Ton,Actual,Baltic Exchange / S&P Global Platts,N/A,N/A
2022-07-01,Russia,East Coast India,Coal,Bulk Carrier,22.52,USD,Metric Ton,Actual,Baltic Exchange / S&P Global Platts,N/A,N/A
2022-07-01,Australia,East Coast India,Iron Ore,Bulk Carrier,18.17,USD,Metric Ton,Actual,Baltic Exchange / S&P Global Platts,N/A,N/A
2022-07-01,Brazil,East Coast India,Iron Ore,Bulk Carrier,31.14,USD,Metric Ton,Actual,Baltic Exchange / S&P Global Platts,N/A,N/A
2022-07-01,South Africa,East Coast India,Iron Ore,Bulk Carrier,19.6,USD,Metric Ton,Actual,Baltic Exchange / S&P Global Platts,N/A,N/A
2022-07-01,Iraq,East Coast India,Crude Oil,Tanker,17.56,USD,Metric Ton,Actual,Baltic Exchange / S&P Global Platts,N/A,N/A
2022-07-01,Saudi Arabia,East Coast India,Crude Oil,Tanker,15.95,USD,Metric Ton,Actual,Baltic Exchange / S&P Global Platts,N/A,N/A
2022-07-01,United Arab Emirates,East Coast India,Crude Oil,Tanker,14.9,USD,Metric Ton,Actual,Baltic Exchange / S&P Global Platts,N/A,N/A
2022-07-01,Russia,East Coast India,Crude Oil,Tanker,24.44,USD,Metric Ton,Actual,Baltic Exchange / S&P Global Platts,N/A,N/A
2022-07-01,United Arab Emirates,East Coast India,Petroleum Products,Tanker,21.68,USD,Metric Ton,Actual,Baltic Exchange / S&P Global Platts,N/A,N/A
2022-07-01,Singapore,East Coast India,Petroleum Products,Tanker,14.96,USD,Metric Ton,Actual,Baltic Exchange / S&P Global Platts,N/A,N/A
2022-07-01,Saudi Arabia,East Coast India,Petroleum Products,Tanker,19.61,USD,Metric Ton,Actual,Baltic Exchange / S&P Global Platts,N/A,N/A
2022-08-01,Australia,East Coast India,Coal,Bulk Carrier,18.99,USD,Metric Ton,Actual,Baltic Exchange / S&P Global Platts,N/A,N/A
2022-08-01,Indonesia,East Coast India,Coal,Bulk Carrier,11.85,USD,Metric Ton,Actual,Baltic Exchange / S&P Global Platts,N/A,N/A
2022-08-01,South Africa,East Coast India,Coal,Bulk Carrier,17.01,USD,Metric Ton,Actual,Baltic Exchange / S&P Global Platts,N/A,N/A
2022-08-01,Russia,East Coast India,Coal,Bulk Carrier,22.57,USD,Metric Ton,Actual,Baltic Exchange / S&P Global Platts,N/A,N/A
2022-08-01,Australia,East Coast India,Iron Ore,Bulk Carrier,18.83,USD,Metric Ton,Actual,Baltic Exchange / S&P Global Platts,N/A,N/A
2022-08-01,Brazil,East Coast India,Iron Ore,Bulk Carrier,28.81,USD,Metric Ton,Actual,Baltic Exchange / S&P Global Platts,N/A,N/A
2022-08-01,South Africa,East Coast India,Iron Ore,Bulk Carrier,18.34,USD,Metric Ton,Actual,Baltic Exchange / S&P Global Platts,N/A,N/A
2022-08-01,Iraq,East Coast India,Crude Oil,Tanker,17.2,USD,Metric Ton,Actual,Baltic Exchange / S&P Global Platts,N/A,N/A
2022-08-01,Saudi Arabia,East Coast India,Crude Oil,Tanker,15.52,USD,Metric Ton,Actual,Baltic Exchange / S&P Global Platts,N/A,N/A
2022-08-01,United Arab Emirates,East Coast India,Crude Oil,Tanker,14.84,USD,Metric Ton,Actual,Baltic Exchange / S&P Global Platts,N/A,N/A
2022-08-01,Russia,East Coast India,Crude Oil,Tanker,25.37,USD,Metric Ton,Actual,Baltic Exchange / S&P Global Platts,N/A,N/A
2022-08-01,United Arab Emirates,East Coast India,Petroleum Products,Tanker,21.42,USD,Metric Ton,Actual,Baltic Exchange / S&P Global Platts,N/A,N/A
2022-08-01,Singapore,East Coast India,Petroleum Products,Tanker,15.05,USD,Metric Ton,Actual,Baltic Exchange / S&P Global Platts,N/A,N/A
2022-08-01,Saudi Arabia,East Coast India,Petroleum Products,Tanker,20.32,USD,Metric Ton,Actual,Baltic Exchange / S&P Global Platts,N/A,N/A
2022-09-01,Australia,East Coast India,Coal,Bulk Carrier,18.97,USD,Metric Ton,Actual,Baltic Exchange / S&P Global Platts,N/A,N/A
2022-09-01,Indonesia,East Coast India,Coal,Bulk Carrier,10.79,USD,Metric Ton,Actual,Baltic Exchange / S&P Global Platts,N/A,N/A
2022-09-01,South Africa,East Coast India,Coal,Bulk Carrier,17.7,USD,Metric Ton,Actual,Baltic Exchange / S&P Global Platts,N/A,N/A
2022-09-01,Russia,East Coast India,Coal,Bulk Carrier,21.32,USD,Metric Ton,Actual,Baltic Exchange / S&P Global Platts,N/A,N/A
2022-09-01,Australia,East Coast India,Iron Ore,Bulk Carrier,17.75,USD,Metric Ton,Actual,Baltic Exchange / S&P Global Platts,N/A,N/A
2022-09-01,Brazil,East Coast India,Iron Ore,Bulk Carrier,30.33,USD,Metric Ton,Actual,Baltic Exchange / S&P Global Platts,N/A,N/A
2022-09-01,South Africa,East Coast India,Iron Ore,Bulk Carrier,17.83,USD,Metric Ton,Actual,Baltic Exchange / S&P Global Platts,N/A,N/A
2022-09-01,Iraq,East Coast India,Crude Oil,Tanker,15.89,USD,Metric Ton,Actual,Baltic Exchange / S&P Global Platts,N/A,N/A
2022-09-01,Saudi Arabia,East Coast India,Crude Oil,Tanker,14.49,USD,Metric Ton,Actual,Baltic Exchange / S&P Global Platts,N/A,N/A
2022-09-01,United Arab Emirates,East Coast India,Crude Oil,Tanker,14.53,USD,Metric Ton,Actual,Baltic Exchange / S&P Global Platts,N/A,N/A
2022-09-01,Russia,East Coast India,Crude Oil,Tanker,22.79,USD,Metric Ton,Actual,Baltic Exchange / S&P Global Platts,N/A,N/A
2022-09-01,United Arab Emirates,East Coast India,Petroleum Products,Tanker,19.12,USD,Metric Ton,Actual,Baltic Exchange / S&P Global Platts,N/A,N/A
2022-09-01,Singapore,East Coast India,Petroleum Products,Tanker,13.38,USD,Metric Ton,Actual,Baltic Exchange / S&P Global Platts,N/A,N/A
2022-09-01,Saudi Arabia,East Coast India,Petroleum Products,Tanker,19.5,USD,Metric Ton,Actual,Baltic Exchange / S&P Global Platts,N/A,N/A
2022-10-01,Australia,East Coast India,Coal,Bulk Carrier,19.07,USD,Metric Ton,Actual,Baltic Exchange / S&P Global Platts,N/A,N/A
2022-10-01,Indonesia,East Coast India,Coal,Bulk Carrier,11,USD,Metric Ton,Actual,Baltic Exchange / S&P Global Platts,N/A,N/A
2022-10-01,South Africa,East Coast India,Coal,Bulk Carrier,17.45,USD,Metric Ton,Actual,Baltic Exchange / S&P Global Platts,N/A,N/A
2022-10-01,Russia,East Coast India,Coal,Bulk Carrier,20.28,USD,Metric Ton,Actual,Baltic Exchange / S&P Global Platts,N/A,N/A
2022-10-01,Australia,East Coast India,Iron Ore,Bulk Carrier,16.95,USD,Metric Ton,Actual,Baltic Exchange / S&P Global Platts,N/A,N/A
2022-10-01,Brazil,East Coast India,Iron Ore,Bulk Carrier,29.27,USD,Metric Ton,Actual,Baltic Exchange / S&P Global Platts,N/A,N/A
2022-10-01,South Africa,East Coast India,Iron Ore,Bulk Carrier,17.47,USD,Metric Ton,Actual,Baltic Exchange / S&P Global Platts,N/A,N/A
2022-10-01,Iraq,East Coast India,Crude Oil,Tanker,16.11,USD,Metric Ton,Actual,Baltic Exchange / S&P Global Platts,N/A,N/A
2022-10-01,Saudi Arabia,East Coast India,Crude Oil,Tanker,14.04,USD,Metric Ton,Actual,Baltic Exchange / S&P Global Platts,N/A,N/A
2022-10-01,United Arab Emirates,East Coast India,Crude Oil,Tanker,14.78,USD,Metric Ton,Actual,Baltic Exchange / S&P Global Platts,N/A,N/A
2022-10-01,Russia,East Coast India,Crude Oil,Tanker,22.04,USD,Metric Ton,Actual,Baltic Exchange / S&P Global Platts,N/A,N/A
2022-10-01,United Arab Emirates,East Coast India,Petroleum Products,Tanker,20,USD,Metric Ton,Actual,Baltic Exchange / S&P Global Platts,N/A,N/A
2022-10-01,Singapore,East Coast India,Petroleum Products,Tanker,13.51,USD,Metric Ton,Actual,Baltic Exchange / S&P Global Platts,N/A,N/A
2022-10-01,Saudi Arabia,East Coast India,Petroleum Products,Tanker,19.53,USD,Metric Ton,Actual,Baltic Exchange / S&P Global Platts,N/A,N/A
2022-11-01,Australia,East Coast India,Coal,Bulk Carrier,17.24,USD,Metric Ton,Actual,Baltic Exchange / S&P Global Platts,N/A,N/A
2022-11-01,Indonesia,East Coast India,Coal,Bulk Carrier,10.61,USD,Metric Ton,Actual,Baltic Exchange / S&P Global Platts,N/A,N/A
2022-11-01,South Africa,East Coast India,Coal,Bulk Carrier,16.9,USD,Metric Ton,Actual,Baltic Exchange / S&P Global Platts,N/A,N/A
2022-11-01,Russia,East Coast India,Coal,Bulk Carrier,19.91,USD,Metric Ton,Actual,Baltic Exchange / S&P Global Platts,N/A,N/A
2022-11-01,Australia,East Coast India,Iron Ore,Bulk Carrier,16.98,USD,Metric Ton,Actual,Baltic Exchange / S&P Global Platts,N/A,N/A
2022-11-01,Brazil,East Coast India,Iron Ore,Bulk Carrier,27.85,USD,Metric Ton,Actual,Baltic Exchange / S&P Global Platts,N/A,N/A
2022-11-01,South Africa,East Coast India,Iron Ore,Bulk Carrier,17.3,USD,Metric Ton,Actual,Baltic Exchange / S&P Global Platts,N/A,N/A
2022-11-01,Iraq,East Coast India,Crude Oil,Tanker,15.09,USD,Metric Ton,Actual,Baltic Exchange / S&P Global Platts,N/A,N/A
2022-11-01,Saudi Arabia,East Coast India,Crude Oil,Tanker,14.4,USD,Metric Ton,Actual,Baltic Exchange / S&P Global Platts,N/A,N/A
2022-11-01,United Arab Emirates,East Coast India,Crude Oil,Tanker,14.21,USD,Metric Ton,Actual,Baltic Exchange / S&P Global Platts,N/A,N/A
2022-11-01,Russia,East Coast India,Crude Oil,Tanker,21.33,USD,Metric Ton,Actual,Baltic Exchange / S&P Global Platts,N/A,N/A
2022-11-01,United Arab Emirates,East Coast India,Petroleum Products,Tanker,18.22,USD,Metric Ton,Actual,Baltic Exchange / S&P Global Platts,N/A,N/A
2022-11-01,Singapore,East Coast India,Petroleum Products,Tanker,13.62,USD,Metric Ton,Actual,Baltic Exchange / S&P Global Platts,N/A,N/A
2022-11-01,Saudi Arabia,East Coast India,Petroleum Products,Tanker,18.71,USD,Metric Ton,Actual,Baltic Exchange / S&P Global Platts,N/A,N/A
2022-12-01,Australia,East Coast India,Coal,Bulk Carrier,17.32,USD,Metric Ton,Actual,Baltic Exchange / S&P Global Platts,N/A,N/A
2022-12-01,Indonesia,East Coast India,Coal,Bulk Carrier,10.32,USD,Metric Ton,Actual,Baltic Exchange / S&P Global Platts,N/A,N/A
2022-12-01,South Africa,East Coast India,Coal,Bulk Carrier,15.25,USD,Metric Ton,Actual,Baltic Exchange / S&P Global Platts,N/A,N/A
2022-12-01,Russia,East Coast India,Coal,Bulk Carrier,18.6,USD,Metric Ton,Actual,Baltic Exchange / S&P Global Platts,N/A,N/A
2022-12-01,Australia,East Coast India,Iron Ore,Bulk Carrier,16.14,USD,Metric Ton,Actual,Baltic Exchange / S&P Global Platts,N/A,N/A
2022-12-01,Brazil,East Coast India,Iron Ore,Bulk Carrier,26.01,USD,Metric Ton,Actual,Baltic Exchange / S&P Global Platts,N/A,N/A
2022-12-01,South Africa,East Coast India,Iron Ore,Bulk Carrier,16.94,USD,Metric Ton,Actual,Baltic Exchange / S&P Global Platts,N/A,N/A
2022-12-01,Iraq,East Coast India,Crude Oil,Tanker,13.79,USD,Metric Ton,Actual,Baltic Exchange / S&P Global Platts,N/A,N/A
2022-12-01,Saudi Arabia,East Coast India,Crude Oil,Tanker,14.45,USD,Metric Ton,Actual,Baltic Exchange / S&P Global Platts,N/A,N/A
2022-12-01,United Arab Emirates,East Coast India,Crude Oil,Tanker,13.84,USD,Metric Ton,Actual,Baltic Exchange / S&P Global Platts,N/A,N/A
2022-12-01,Russia,East Coast India,Crude Oil,Tanker,22.03,USD,Metric Ton,Actual,Baltic Exchange / S&P Global Platts,N/A,N/A
2022-12-01,United Arab Emirates,East Coast India,Petroleum Products,Tanker,18.06,USD,Metric Ton,Actual,Baltic Exchange / S&P Global Platts,N/A,N/A
2022-12-01,Singapore,East Coast India,Petroleum Products,Tanker,12.36,USD,Metric Ton,Actual,Baltic Exchange / S&P Global Platts,N/A,N/A
2022-12-01,Saudi Arabia,East Coast India,Petroleum Products,Tanker,17.95,USD,Metric Ton,Actual,Baltic Exchange / S&P Global Platts,N/A,N/A
2023-01-01,Australia,East Coast India,Coal,Bulk Carrier,17.48,USD,Metric Ton,Actual,Baltic Exchange / S&P Global Platts,N/A,N/A
2023-01-01,Indonesia,East Coast India,Coal,Bulk Carrier,9.72,USD,Metric Ton,Actual,Baltic Exchange / S&P Global Platts,N/A,N/A
2023-01-01,South Africa,East Coast India,Coal,Bulk Carrier,16.02,USD,Metric Ton,Actual,Baltic Exchange / S&P Global Platts,N/A,N/A
2023-01-01,Russia,East Coast India,Coal,Bulk Carrier,19.54,USD,Metric Ton,Actual,Baltic Exchange / S&P Global Platts,N/A,N/A
2023-01-01,Australia,East Coast India,Iron Ore,Bulk Carrier,16.69,USD,Metric Ton,Actual,Baltic Exchange / S&P Global Platts,N/A,N/A
2023-01-01,Brazil,East Coast India,Iron Ore,Bulk Carrier,26.62,USD,Metric Ton,Actual,Baltic Exchange / S&P Global Platts,N/A,N/A
2023-01-01,South Africa,East Coast India,Iron Ore,Bulk Carrier,16.75,USD,Metric Ton,Actual,Baltic Exchange / S&P Global Platts,N/A,N/A
2023-01-01,Iraq,East Coast India,Crude Oil,Tanker,14.08,USD,Metric Ton,Actual,Baltic Exchange / S&P Global Platts,N/A,N/A
2023-01-01,Saudi Arabia,East Coast India,Crude Oil,Tanker,14.2,USD,Metric Ton,Actual,Baltic Exchange / S&P Global Platts,N/A,N/A
2023-01-01,United Arab Emirates,East Coast India,Crude Oil,Tanker,13.49,USD,Metric Ton,Actual,Baltic Exchange / S&P Global Platts,N/A,N/A
2023-01-01,Russia,East Coast India,Crude Oil,Tanker,20.33,USD,Metric Ton,Actual,Baltic Exchange / S&P Global Platts,N/A,N/A
2023-01-01,United Arab Emirates,East Coast India,Petroleum Products,Tanker,16.91,USD,Metric Ton,Actual,Baltic Exchange / S&P Global Platts,N/A,N/A
2023-01-01,Singapore,East Coast India,Petroleum Products,Tanker,12.27,USD,Metric Ton,Actual,Baltic Exchange / S&P Global Platts,N/A,N/A
2023-01-01,Saudi Arabia,East Coast India,Petroleum Products,Tanker,17.69,USD,Metric Ton,Actual,Baltic Exchange / S&P Global Platts,N/A,N/A
2023-02-01,Australia,East Coast India,Coal,Bulk Carrier,17.74,USD,Metric Ton,Actual,Baltic Exchange / S&P Global Platts,N/A,N/A
2023-02-01,Indonesia,East Coast India,Coal,Bulk Carrier,9.57,USD,Metric Ton,Actual,Baltic Exchange / S&P Global Platts,N/A,N/A
2023-02-01,South Africa,East Coast India,Coal,Bulk Carrier,15.31,USD,Metric Ton,Actual,Baltic Exchange / S&P Global Platts,N/A,N/A
2023-02-01,Russia,East Coast India,Coal,Bulk Carrier,18.44,USD,Metric Ton,Actual,Baltic Exchange / S&P Global Platts,N/A,N/A
2023-02-01,Australia,East Coast India,Iron Ore,Bulk Carrier,16.49,USD,Metric Ton,Actual,Baltic Exchange / S&P Global Platts,N/A,N/A
2023-02-01,Brazil,East Coast India,Iron Ore,Bulk Carrier,26.54,USD,Metric Ton,Actual,Baltic Exchange / S&P Global Platts,N/A,N/A
2023-02-01,South Africa,East Coast India,Iron Ore,Bulk Carrier,16.89,USD,Metric Ton,Actual,Baltic Exchange / S&P Global Platts,N/A,N/A
2023-02-01,Iraq,East Coast India,Crude Oil,Tanker,13.96,USD,Metric Ton,Actual,Baltic Exchange / S&P Global Platts,N/A,N/A
2023-02-01,Saudi Arabia,East Coast India,Crude Oil,Tanker,13.3,USD,Metric Ton,Actual,Baltic Exchange / S&P Global Platts,N/A,N/A
2023-02-01,United Arab Emirates,East Coast India,Crude Oil,Tanker,12.54,USD,Metric Ton,Actual,Baltic Exchange / S&P Global Platts,N/A,N/A
2023-02-01,Russia,East Coast India,Crude Oil,Tanker,20.07,USD,Metric Ton,Actual,Baltic Exchange / S&P Global Platts,N/A,N/A
2023-02-01,United Arab Emirates,East Coast India,Petroleum Products,Tanker,18.14,USD,Metric Ton,Actual,Baltic Exchange / S&P Global Platts,N/A,N/A
2023-02-01,Singapore,East Coast India,Petroleum Products,Tanker,12.63,USD,Metric Ton,Actual,Baltic Exchange / S&P Global Platts,N/A,N/A
2023-02-01,Saudi Arabia,East Coast India,Petroleum Products,Tanker,17.76,USD,Metric Ton,Actual,Baltic Exchange / S&P Global Platts,N/A,N/A
2023-03-01,Australia,East Coast India,Coal,Bulk Carrier,17.5,USD,Metric Ton,Actual,Baltic Exchange / S&P Global Platts,N/A,N/A
2023-03-01,Indonesia,East Coast India,Coal,Bulk Carrier,9.83,USD,Metric Ton,Actual,Baltic Exchange / S&P Global Platts,N/A,N/A
2023-03-01,South Africa,East Coast India,Coal,Bulk Carrier,15.35,USD,Metric Ton,Actual,Baltic Exchange / S&P Global Platts,N/A,N/A
2023-03-01,Russia,East Coast India,Coal,Bulk Carrier,19.22,USD,Metric Ton,Actual,Baltic Exchange / S&P Global Platts,N/A,N/A
2023-03-01,Australia,East Coast India,Iron Ore,Bulk Carrier,16.07,USD,Metric Ton,Actual,Baltic Exchange / S&P Global Platts,N/A,N/A
2023-03-01,Brazil,East Coast India,Iron Ore,Bulk Carrier,24.66,USD,Metric Ton,Actual,Baltic Exchange / S&P Global Platts,N/A,N/A
2023-03-01,South Africa,East Coast India,Iron Ore,Bulk Carrier,16.02,USD,Metric Ton,Actual,Baltic Exchange / S&P Global Platts,N/A,N/A
2023-03-01,Iraq,East Coast India,Crude Oil,Tanker,13.29,USD,Metric Ton,Actual,Baltic Exchange / S&P Global Platts,N/A,N/A
2023-03-01,Saudi Arabia,East Coast India,Crude Oil,Tanker,13.83,USD,Metric Ton,Actual,Baltic Exchange / S&P Global Platts,N/A,N/A
2023-03-01,United Arab Emirates,East Coast India,Crude Oil,Tanker,12.78,USD,Metric Ton,Actual,Baltic Exchange / S&P Global Platts,N/A,N/A
2023-03-01,Russia,East Coast India,Crude Oil,Tanker,20.14,USD,Metric Ton,Actual,Baltic Exchange / S&P Global Platts,N/A,N/A
2023-03-01,United Arab Emirates,East Coast India,Petroleum Products,Tanker,17.55,USD,Metric Ton,Actual,Baltic Exchange / S&P Global Platts,N/A,N/A
2023-03-01,Singapore,East Coast India,Petroleum Products,Tanker,12.22,USD,Metric Ton,Actual,Baltic Exchange / S&P Global Platts,N/A,N/A
2023-03-01,Saudi Arabia,East Coast India,Petroleum Products,Tanker,16.44,USD,Metric Ton,Actual,Baltic Exchange / S&P Global Platts,N/A,N/A
2023-04-01,Australia,East Coast India,Coal,Bulk Carrier,15.8,USD,Metric Ton,Actual,Baltic Exchange / S&P Global Platts,N/A,N/A
2023-04-01,Indonesia,East Coast India,Coal,Bulk Carrier,9.8,USD,Metric Ton,Actual,Baltic Exchange / S&P Global Platts,N/A,N/A
2023-04-01,South Africa,East Coast India,Coal,Bulk Carrier,14.76,USD,Metric Ton,Actual,Baltic Exchange / S&P Global Platts,N/A,N/A
2023-04-01,Russia,East Coast India,Coal,Bulk Carrier,18.63,USD,Metric Ton,Actual,Baltic Exchange / S&P Global Platts,N/A,N/A
2023-04-01,Australia,East Coast India,Iron Ore,Bulk Carrier,15.33,USD,Metric Ton,Actual,Baltic Exchange / S&P Global Platts,N/A,N/A
2023-04-01,Brazil,East Coast India,Iron Ore,Bulk Carrier,25.81,USD,Metric Ton,Actual,Baltic Exchange / S&P Global Platts,N/A,N/A
2023-04-01,South Africa,East Coast India,Iron Ore,Bulk Carrier,15.95,USD,Metric Ton,Actual,Baltic Exchange / S&P Global Platts,N/A,N/A
2023-04-01,Iraq,East Coast India,Crude Oil,Tanker,13.68,USD,Metric Ton,Actual,Baltic Exchange / S&P Global Platts,N/A,N/A
2023-04-01,Saudi Arabia,East Coast India,Crude Oil,Tanker,13.52,USD,Metric Ton,Actual,Baltic Exchange / S&P Global Platts,N/A,N/A
2023-04-01,United Arab Emirates,East Coast India,Crude Oil,Tanker,12.35,USD,Metric Ton,Actual,Baltic Exchange / S&P Global Platts,N/A,N/A
2023-04-01,Russia,East Coast India,Crude Oil,Tanker,19.65,USD,Metric Ton,Actual,Baltic Exchange / S&P Global Platts,N/A,N/A
2023-04-01,United Arab Emirates,East Coast India,Petroleum Products,Tanker,16.2,USD,Metric Ton,Actual,Baltic Exchange / S&P Global Platts,N/A,N/A
2023-04-01,Singapore,East Coast India,Petroleum Products,Tanker,12.2,USD,Metric Ton,Actual,Baltic Exchange / S&P Global Platts,N/A,N/A
2023-04-01,Saudi Arabia,East Coast India,Petroleum Products,Tanker,16.63,USD,Metric Ton,Actual,Baltic Exchange / S&P Global Platts,N/A,N/A
2023-05-01,Australia,East Coast India,Coal,Bulk Carrier,16.52,USD,Metric Ton,Actual,Baltic Exchange / S&P Global Platts,N/A,N/A
2023-05-01,Indonesia,East Coast India,Coal,Bulk Carrier,9.22,USD,Metric Ton,Actual,Baltic Exchange / S&P Global Platts,N/A,N/A
2023-05-01,South Africa,East Coast India,Coal,Bulk Carrier,13.99,USD,Metric Ton,Actual,Baltic Exchange / S&P Global Platts,N/A,N/A
2023-05-01,Russia,East Coast India,Coal,Bulk Carrier,17,USD,Metric Ton,Actual,Baltic Exchange / S&P Global Platts,N/A,N/A
2023-05-01,Australia,East Coast India,Iron Ore,Bulk Carrier,14.85,USD,Metric Ton,Actual,Baltic Exchange / S&P Global Platts,N/A,N/A
2023-05-01,Brazil,East Coast India,Iron Ore,Bulk Carrier,24.79,USD,Metric Ton,Actual,Baltic Exchange / S&P Global Platts,N/A,N/A
2023-05-01,South Africa,East Coast India,Iron Ore,Bulk Carrier,15.46,USD,Metric Ton,Actual,Baltic Exchange / S&P Global Platts,N/A,N/A
2023-05-01,Iraq,East Coast India,Crude Oil,Tanker,13.32,USD,Metric Ton,Actual,Baltic Exchange / S&P Global Platts,N/A,N/A
2023-05-01,Saudi Arabia,East Coast India,Crude Oil,Tanker,13.36,USD,Metric Ton,Actual,Baltic Exchange / S&P Global Platts,N/A,N/A
2023-05-01,United Arab Emirates,East Coast India,Crude Oil,Tanker,12.1,USD,Metric Ton,Actual,Baltic Exchange / S&P Global Platts,N/A,N/A
2023-05-01,Russia,East Coast India,Crude Oil,Tanker,20.13,USD,Metric Ton,Actual,Baltic Exchange / S&P Global Platts,N/A,N/A
2023-05-01,United Arab Emirates,East Coast India,Petroleum Products,Tanker,17.23,USD,Metric Ton,Actual,Baltic Exchange / S&P Global Platts,N/A,N/A
2023-05-01,Singapore,East Coast India,Petroleum Products,Tanker,11.6,USD,Metric Ton,Actual,Baltic Exchange / S&P Global Platts,N/A,N/A
2023-05-01,Saudi Arabia,East Coast India,Petroleum Products,Tanker,16.39,USD,Metric Ton,Actual,Baltic Exchange / S&P Global Platts,N/A,N/A
2023-06-01,Australia,East Coast India,Coal,Bulk Carrier,16.53,USD,Metric Ton,Actual,Baltic Exchange / S&P Global Platts,N/A,N/A
2023-06-01,Indonesia,East Coast India,Coal,Bulk Carrier,9.77,USD,Metric Ton,Actual,Baltic Exchange / S&P Global Platts,N/A,N/A
2023-06-01,South Africa,East Coast India,Coal,Bulk Carrier,13.8,USD,Metric Ton,Actual,Baltic Exchange / S&P Global Platts,N/A,N/A
2023-06-01,Russia,East Coast India,Coal,Bulk Carrier,18.35,USD,Metric Ton,Actual,Baltic Exchange / S&P Global Platts,N/A,N/A
2023-06-01,Australia,East Coast India,Iron Ore,Bulk Carrier,14.84,USD,Metric Ton,Actual,Baltic Exchange / S&P Global Platts,N/A,N/A
2023-06-01,Brazil,East Coast India,Iron Ore,Bulk Carrier,23.61,USD,Metric Ton,Actual,Baltic Exchange / S&P Global Platts,N/A,N/A
2023-06-01,South Africa,East Coast India,Iron Ore,Bulk Carrier,15.34,USD,Metric Ton,Actual,Baltic Exchange / S&P Global Platts,N/A,N/A
2023-06-01,Iraq,East Coast India,Crude Oil,Tanker,13.83,USD,Metric Ton,Actual,Baltic Exchange / S&P Global Platts,N/A,N/A
2023-06-01,Saudi Arabia,East Coast India,Crude Oil,Tanker,12.64,USD,Metric Ton,Actual,Baltic Exchange / S&P Global Platts,N/A,N/A
2023-06-01,United Arab Emirates,East Coast India,Crude Oil,Tanker,11.89,USD,Metric Ton,Actual,Baltic Exchange / S&P Global Platts,N/A,N/A
2023-06-01,Russia,East Coast India,Crude Oil,Tanker,20.06,USD,Metric Ton,Actual,Baltic Exchange / S&P Global Platts,N/A,N/A
2023-06-01,United Arab Emirates,East Coast India,Petroleum Products,Tanker,16.07,USD,Metric Ton,Actual,Baltic Exchange / S&P Global Platts,N/A,N/A
2023-06-01,Singapore,East Coast India,Petroleum Products,Tanker,11.06,USD,Metric Ton,Actual,Baltic Exchange / S&P Global Platts,N/A,N/A
2023-06-01,Saudi Arabia,East Coast India,Petroleum Products,Tanker,15.36,USD,Metric Ton,Actual,Baltic Exchange / S&P Global Platts,N/A,N/A
2023-07-01,Australia,East Coast India,Coal,Bulk Carrier,15.12,USD,Metric Ton,Actual,Baltic Exchange / S&P Global Platts,N/A,N/A
2023-07-01,Indonesia,East Coast India,Coal,Bulk Carrier,8.89,USD,Metric Ton,Actual,Baltic Exchange / S&P Global Platts,N/A,N/A
2023-07-01,South Africa,East Coast India,Coal,Bulk Carrier,13.57,USD,Metric Ton,Actual,Baltic Exchange / S&P Global Platts,N/A,N/A
2023-07-01,Russia,East Coast India,Coal,Bulk Carrier,17.58,USD,Metric Ton,Actual,Baltic Exchange / S&P Global Platts,N/A,N/A
2023-07-01,Australia,East Coast India,Iron Ore,Bulk Carrier,14.16,USD,Metric Ton,Actual,Baltic Exchange / S&P Global Platts,N/A,N/A
2023-07-01,Brazil,East Coast India,Iron Ore,Bulk Carrier,23.47,USD,Metric Ton,Actual,Baltic Exchange / S&P Global Platts,N/A,N/A
2023-07-01,South Africa,East Coast India,Iron Ore,Bulk Carrier,15.77,USD,Metric Ton,Actual,Baltic Exchange / S&P Global Platts,N/A,N/A
2023-07-01,Iraq,East Coast India,Crude Oil,Tanker,12.97,USD,Metric Ton,Actual,Baltic Exchange / S&P Global Platts,N/A,N/A
2023-07-01,Saudi Arabia,East Coast India,Crude Oil,Tanker,12.67,USD,Metric Ton,Actual,Baltic Exchange / S&P Global Platts,N/A,N/A
2023-07-01,United Arab Emirates,East Coast India,Crude Oil,Tanker,11.53,USD,Metric Ton,Actual,Baltic Exchange / S&P Global Platts,N/A,N/A
2023-07-01,Russia,East Coast India,Crude Oil,Tanker,18.9,USD,Metric Ton,Actual,Baltic Exchange / S&P Global Platts,N/A,N/A
2023-07-01,United Arab Emirates,East Coast India,Petroleum Products,Tanker,15.5,USD,Metric Ton,Actual,Baltic Exchange / S&P Global Platts,N/A,N/A
2023-07-01,Singapore,East Coast India,Petroleum Products,Tanker,11,USD,Metric Ton,Actual,Baltic Exchange / S&P Global Platts,N/A,N/A
2023-07-01,Saudi Arabia,East Coast India,Petroleum Products,Tanker,15.36,USD,Metric Ton,Actual,Baltic Exchange / S&P Global Platts,N/A,N/A
2023-08-01,Australia,East Coast India,Coal,Bulk Carrier,14.97,USD,Metric Ton,Actual,Baltic Exchange / S&P Global Platts,N/A,N/A
2023-08-01,Indonesia,East Coast India,Coal,Bulk Carrier,8.69,USD,Metric Ton,Actual,Baltic Exchange / S&P Global Platts,N/A,N/A
2023-08-01,South Africa,East Coast India,Coal,Bulk Carrier,13.34,USD,Metric Ton,Actual,Baltic Exchange / S&P Global Platts,N/A,N/A
2023-08-01,Russia,East Coast India,Coal,Bulk Carrier,17,USD,Metric Ton,Actual,Baltic Exchange / S&P Global Platts,N/A,N/A
2023-08-01,Australia,East Coast India,Iron Ore,Bulk Carrier,13.98,USD,Metric Ton,Actual,Baltic Exchange / S&P Global Platts,N/A,N/A
2023-08-01,Brazil,East Coast India,Iron Ore,Bulk Carrier,23.15,USD,Metric Ton,Actual,Baltic Exchange / S&P Global Platts,N/A,N/A
2023-08-01,South Africa,East Coast India,Iron Ore,Bulk Carrier,14.94,USD,Metric Ton,Actual,Baltic Exchange / S&P Global Platts,N/A,N/A
2023-08-01,Iraq,East Coast India,Crude Oil,Tanker,13.04,USD,Metric Ton,Actual,Baltic Exchange / S&P Global Platts,N/A,N/A
2023-08-01,Saudi Arabia,East Coast India,Crude Oil,Tanker,11.7,USD,Metric Ton,Actual,Baltic Exchange / S&P Global Platts,N/A,N/A
2023-08-01,United Arab Emirates,East Coast India,Crude Oil,Tanker,12.08,USD,Metric Ton,Actual,Baltic Exchange / S&P Global Platts,N/A,N/A
2023-08-01,Russia,East Coast India,Crude Oil,Tanker,19.45,USD,Metric Ton,Actual,Baltic Exchange / S&P Global Platts,N/A,N/A
2023-08-01,United Arab Emirates,East Coast India,Petroleum Products,Tanker,15.33,USD,Metric Ton,Actual,Baltic Exchange / S&P Global Platts,N/A,N/A
2023-08-01,Singapore,East Coast India,Petroleum Products,Tanker,11.62,USD,Metric Ton,Actual,Baltic Exchange / S&P Global Platts,N/A,N/A
2023-08-01,Saudi Arabia,East Coast India,Petroleum Products,Tanker,16.12,USD,Metric Ton,Actual,Baltic Exchange / S&P Global Platts,N/A,N/A
2023-09-01,Australia,East Coast India,Coal,Bulk Carrier,14.56,USD,Metric Ton,Actual,Baltic Exchange / S&P Global Platts,N/A,N/A
2023-09-01,Indonesia,East Coast India,Coal,Bulk Carrier,8.73,USD,Metric Ton,Actual,Baltic Exchange / S&P Global Platts,N/A,N/A
2023-09-01,South Africa,East Coast India,Coal,Bulk Carrier,14.07,USD,Metric Ton,Actual,Baltic Exchange / S&P Global Platts,N/A,N/A
2023-09-01,Russia,East Coast India,Coal,Bulk Carrier,17.22,USD,Metric Ton,Actual,Baltic Exchange / S&P Global Platts,N/A,N/A
2023-09-01,Australia,East Coast India,Iron Ore,Bulk Carrier,13.73,USD,Metric Ton,Actual,Baltic Exchange / S&P Global Platts,N/A,N/A
2023-09-01,Brazil,East Coast India,Iron Ore,Bulk Carrier,22.43,USD,Metric Ton,Actual,Baltic Exchange / S&P Global Platts,N/A,N/A
2023-09-01,South Africa,East Coast India,Iron Ore,Bulk Carrier,14.51,USD,Metric Ton,Actual,Baltic Exchange / S&P Global Platts,N/A,N/A
2023-09-01,Iraq,East Coast India,Crude Oil,Tanker,12.58,USD,Metric Ton,Actual,Baltic Exchange / S&P Global Platts,N/A,N/A
2023-09-01,Saudi Arabia,East Coast India,Crude Oil,Tanker,12.22,USD,Metric Ton,Actual,Baltic Exchange / S&P Global Platts,N/A,N/A
2023-09-01,United Arab Emirates,East Coast India,Crude Oil,Tanker,11.4,USD,Metric Ton,Actual,Baltic Exchange / S&P Global Platts,N/A,N/A
2023-09-01,Russia,East Coast India,Crude Oil,Tanker,18.83,USD,Metric Ton,Actual,Baltic Exchange / S&P Global Platts,N/A,N/A
2023-09-01,United Arab Emirates,East Coast India,Petroleum Products,Tanker,16.14,USD,Metric Ton,Actual,Baltic Exchange / S&P Global Platts,N/A,N/A
2023-09-01,Singapore,East Coast India,Petroleum Products,Tanker,10.51,USD,Metric Ton,Actual,Baltic Exchange / S&P Global Platts,N/A,N/A
2023-09-01,Saudi Arabia,East Coast India,Petroleum Products,Tanker,14.85,USD,Metric Ton,Actual,Baltic Exchange / S&P Global Platts,N/A,N/A
2023-10-01,Australia,East Coast India,Coal,Bulk Carrier,15.3,USD,Metric Ton,Actual,Baltic Exchange / S&P Global Platts,N/A,N/A
2023-10-01,Indonesia,East Coast India,Coal,Bulk Carrier,9.13,USD,Metric Ton,Actual,Baltic Exchange / S&P Global Platts,N/A,N/A
2023-10-01,South Africa,East Coast India,Coal,Bulk Carrier,13.45,USD,Metric Ton,Actual,Baltic Exchange / S&P Global Platts,N/A,N/A
2023-10-01,Russia,East Coast India,Coal,Bulk Carrier,16.59,USD,Metric Ton,Actual,Baltic Exchange / S&P Global Platts,N/A,N/A
2023-10-01,Australia,East Coast India,Iron Ore,Bulk Carrier,13.4,USD,Metric Ton,Actual,Baltic Exchange / S&P Global Platts,N/A,N/A
2023-10-01,Brazil,East Coast India,Iron Ore,Bulk Carrier,22.61,USD,Metric Ton,Actual,Baltic Exchange / S&P Global Platts,N/A,N/A
2023-10-01,South Africa,East Coast India,Iron Ore,Bulk Carrier,14.51,USD,Metric Ton,Actual,Baltic Exchange / S&P Global Platts,N/A,N/A
2023-10-01,Iraq,East Coast India,Crude Oil,Tanker,12.08,USD,Metric Ton,Actual,Baltic Exchange / S&P Global Platts,N/A,N/A
2023-10-01,Saudi Arabia,East Coast India,Crude Oil,Tanker,11.61,USD,Metric Ton,Actual,Baltic Exchange / S&P Global Platts,N/A,N/A
2023-10-01,United Arab Emirates,East Coast India,Crude Oil,Tanker,11.23,USD,Metric Ton,Actual,Baltic Exchange / S&P Global Platts,N/A,N/A
2023-10-01,Russia,East Coast India,Crude Oil,Tanker,17.71,USD,Metric Ton,Actual,Baltic Exchange / S&P Global Platts,N/A,N/A
2023-10-01,United Arab Emirates,East Coast India,Petroleum Products,Tanker,15.22,USD,Metric Ton,Actual,Baltic Exchange / S&P Global Platts,N/A,N/A
2023-10-01,Singapore,East Coast India,Petroleum Products,Tanker,10.54,USD,Metric Ton,Actual,Baltic Exchange / S&P Global Platts,N/A,N/A
2023-10-01,Saudi Arabia,East Coast India,Petroleum Products,Tanker,14.72,USD,Metric Ton,Actual,Baltic Exchange / S&P Global Platts,N/A,N/A
2023-11-01,Australia,East Coast India,Coal,Bulk Carrier,14.18,USD,Metric Ton,Actual,Baltic Exchange / S&P Global Platts,N/A,N/A
2023-11-01,Indonesia,East Coast India,Coal,Bulk Carrier,8.98,USD,Metric Ton,Actual,Baltic Exchange / S&P Global Platts,N/A,N/A
2023-11-01,South Africa,East Coast India,Coal,Bulk Carrier,13.34,USD,Metric Ton,Actual,Baltic Exchange / S&P Global Platts,N/A,N/A
2023-11-01,Russia,East Coast India,Coal,Bulk Carrier,16.56,USD,Metric Ton,Actual,Baltic Exchange / S&P Global Platts,N/A,N/A
2023-11-01,Australia,East Coast India,Iron Ore,Bulk Carrier,14.12,USD,Metric Ton,Actual,Baltic Exchange / S&P Global Platts,N/A,N/A
2023-11-01,Brazil,East Coast India,Iron Ore,Bulk Carrier,22.36,USD,Metric Ton,Actual,Baltic Exchange / S&P Global Platts,N/A,N/A
2023-11-01,South Africa,East Coast India,Iron Ore,Bulk Carrier,13.65,USD,Metric Ton,Actual,Baltic Exchange / S&P Global Platts,N/A,N/A
2023-11-01,Iraq,East Coast India,Crude Oil,Tanker,12.25,USD,Metric Ton,Actual,Baltic Exchange / S&P Global Platts,N/A,N/A
2023-11-01,Saudi Arabia,East Coast India,Crude Oil,Tanker,11.79,USD,Metric Ton,Actual,Baltic Exchange / S&P Global Platts,N/A,N/A
2023-11-01,United Arab Emirates,East Coast India,Crude Oil,Tanker,11.46,USD,Metric Ton,Actual,Baltic Exchange / S&P Global Platts,N/A,N/A
2023-11-01,Russia,East Coast India,Crude Oil,Tanker,18.17,USD,Metric Ton,Actual,Baltic Exchange / S&P Global Platts,N/A,N/A
2023-11-01,United Arab Emirates,East Coast India,Petroleum Products,Tanker,14.68,USD,Metric Ton,Actual,Baltic Exchange / S&P Global Platts,N/A,N/A
2023-11-01,Singapore,East Coast India,Petroleum Products,Tanker,10.44,USD,Metric Ton,Actual,Baltic Exchange / S&P Global Platts,N/A,N/A
2023-11-01,Saudi Arabia,East Coast India,Petroleum Products,Tanker,14.54,USD,Metric Ton,Actual,Baltic Exchange / S&P Global Platts,N/A,N/A
2023-12-01,Australia,East Coast India,Coal,Bulk Carrier,14.71,USD,Metric Ton,Actual,Baltic Exchange / S&P Global Platts,N/A,N/A
2023-12-01,Indonesia,East Coast India,Coal,Bulk Carrier,8.56,USD,Metric Ton,Actual,Baltic Exchange / S&P Global Platts,N/A,N/A
2023-12-01,South Africa,East Coast India,Coal,Bulk Carrier,12.81,USD,Metric Ton,Actual,Baltic Exchange / S&P Global Platts,N/A,N/A
2023-12-01,Russia,East Coast India,Coal,Bulk Carrier,16.78,USD,Metric Ton,Actual,Baltic Exchange / S&P Global Platts,N/A,N/A
2023-12-01,Australia,East Coast India,Iron Ore,Bulk Carrier,13.64,USD,Metric Ton,Actual,Baltic Exchange / S&P Global Platts,N/A,N/A
2023-12-01,Brazil,East Coast India,Iron Ore,Bulk Carrier,21.42,USD,Metric Ton,Actual,Baltic Exchange / S&P Global Platts,N/A,N/A
2023-12-01,South Africa,East Coast India,Iron Ore,Bulk Carrier,13.44,USD,Metric Ton,Actual,Baltic Exchange / S&P Global Platts,N/A,N/A
2023-12-01,Iraq,East Coast India,Crude Oil,Tanker,11.58,USD,Metric Ton,Actual,Baltic Exchange / S&P Global Platts,N/A,N/A
2023-12-01,Saudi Arabia,East Coast India,Crude Oil,Tanker,11.21,USD,Metric Ton,Actual,Baltic Exchange / S&P Global Platts,N/A,N/A
2023-12-01,United Arab Emirates,East Coast India,Crude Oil,Tanker,10.63,USD,Metric Ton,Actual,Baltic Exchange / S&P Global Platts,N/A,N/A
2023-12-01,Russia,East Coast India,Crude Oil,Tanker,17.44,USD,Metric Ton,Actual,Baltic Exchange / S&P Global Platts,N/A,N/A
2023-12-01,United Arab Emirates,East Coast India,Petroleum Products,Tanker,14.68,USD,Metric Ton,Actual,Baltic Exchange / S&P Global Platts,N/A,N/A
2023-12-01,Singapore,East Coast India,Petroleum Products,Tanker,10.16,USD,Metric Ton,Actual,Baltic Exchange / S&P Global Platts,N/A,N/A
2023-12-01,Saudi Arabia,East Coast India,Petroleum Products,Tanker,15.08,USD,Metric Ton,Actual,Baltic Exchange / S&P Global Platts,N/A,N/A
2024-01-01,Australia,East Coast India,Coal,Bulk Carrier,14.24,USD,Metric Ton,Actual,Baltic Exchange / S&P Global Platts,N/A,N/A
2024-01-01,Indonesia,East Coast India,Coal,Bulk Carrier,8.73,USD,Metric Ton,Actual,Baltic Exchange / S&P Global Platts,N/A,N/A
2024-01-01,South Africa,East Coast India,Coal,Bulk Carrier,13.21,USD,Metric Ton,Actual,Baltic Exchange / S&P Global Platts,N/A,N/A
2024-01-01,Russia,East Coast India,Coal,Bulk Carrier,17.19,USD,Metric Ton,Actual,Baltic Exchange / S&P Global Platts,N/A,N/A
2024-01-01,Australia,East Coast India,Iron Ore,Bulk Carrier,13.3,USD,Metric Ton,Actual,Baltic Exchange / S&P Global Platts,N/A,N/A
2024-01-01,Brazil,East Coast India,Iron Ore,Bulk Carrier,22.32,USD,Metric Ton,Actual,Baltic Exchange / S&P Global Platts,N/A,N/A
2024-01-01,South Africa,East Coast India,Iron Ore,Bulk Carrier,15.02,USD,Metric Ton,Actual,Baltic Exchange / S&P Global Platts,N/A,N/A
2024-01-01,Iraq,East Coast India,Crude Oil,Tanker,12.75,USD,Metric Ton,Actual,Baltic Exchange / S&P Global Platts,N/A,N/A
2024-01-01,Saudi Arabia,East Coast India,Crude Oil,Tanker,12.16,USD,Metric Ton,Actual,Baltic Exchange / S&P Global Platts,N/A,N/A
2024-01-01,United Arab Emirates,East Coast India,Crude Oil,Tanker,11,USD,Metric Ton,Actual,Baltic Exchange / S&P Global Platts,N/A,N/A
2024-01-01,Russia,East Coast India,Crude Oil,Tanker,17.84,USD,Metric Ton,Actual,Baltic Exchange / S&P Global Platts,N/A,N/A
2024-01-01,United Arab Emirates,East Coast India,Petroleum Products,Tanker,15.63,USD,Metric Ton,Actual,Baltic Exchange / S&P Global Platts,N/A,N/A
2024-01-01,Singapore,East Coast India,Petroleum Products,Tanker,11.22,USD,Metric Ton,Actual,Baltic Exchange / S&P Global Platts,N/A,N/A
2024-01-01,Saudi Arabia,East Coast India,Petroleum Products,Tanker,14.95,USD,Metric Ton,Actual,Baltic Exchange / S&P Global Platts,N/A,N/A
2024-02-01,Australia,East Coast India,Coal,Bulk Carrier,15.33,USD,Metric Ton,Actual,Baltic Exchange / S&P Global Platts,N/A,N/A
2024-02-01,Indonesia,East Coast India,Coal,Bulk Carrier,8.73,USD,Metric Ton,Actual,Baltic Exchange / S&P Global Platts,N/A,N/A
2024-02-01,South Africa,East Coast India,Coal,Bulk Carrier,14.02,USD,Metric Ton,Actual,Baltic Exchange / S&P Global Platts,N/A,N/A
2024-02-01,Russia,East Coast India,Coal,Bulk Carrier,16.27,USD,Metric Ton,Actual,Baltic Exchange / S&P Global Platts,N/A,N/A
2024-02-01,Australia,East Coast India,Iron Ore,Bulk Carrier,13.93,USD,Metric Ton,Actual,Baltic Exchange / S&P Global Platts,N/A,N/A
2024-02-01,Brazil,East Coast India,Iron Ore,Bulk Carrier,22.93,USD,Metric Ton,Actual,Baltic Exchange / S&P Global Platts,N/A,N/A
2024-02-01,South Africa,East Coast India,Iron Ore,Bulk Carrier,14.71,USD,Metric Ton,Actual,Baltic Exchange / S&P Global Platts,N/A,N/A
2024-02-01,Iraq,East Coast India,Crude Oil,Tanker,12.28,USD,Metric Ton,Actual,Baltic Exchange / S&P Global Platts,N/A,N/A
2024-02-01,Saudi Arabia,East Coast India,Crude Oil,Tanker,11.61,USD,Metric Ton,Actual,Baltic Exchange / S&P Global Platts,N/A,N/A
2024-02-01,United Arab Emirates,East Coast India,Crude Oil,Tanker,11.68,USD,Metric Ton,Actual,Baltic Exchange / S&P Global Platts,N/A,N/A
2024-02-01,Russia,East Coast India,Crude Oil,Tanker,18.5,USD,Metric Ton,Actual,Baltic Exchange / S&P Global Platts,N/A,N/A
2024-02-01,United Arab Emirates,East Coast India,Petroleum Products,Tanker,15.88,USD,Metric Ton,Actual,Baltic Exchange / S&P Global Platts,N/A,N/A
2024-02-01,Singapore,East Coast India,Petroleum Products,Tanker,10.64,USD,Metric Ton,Actual,Baltic Exchange / S&P Global Platts,N/A,N/A
2024-02-01,Saudi Arabia,East Coast India,Petroleum Products,Tanker,15.2,USD,Metric Ton,Actual,Baltic Exchange / S&P Global Platts,N/A,N/A
2024-03-01,Australia,East Coast India,Coal,Bulk Carrier,15.64,USD,Metric Ton,Actual,Baltic Exchange / S&P Global Platts,N/A,N/A
2024-03-01,Indonesia,East Coast India,Coal,Bulk Carrier,8.73,USD,Metric Ton,Actual,Baltic Exchange / S&P Global Platts,N/A,N/A
2024-03-01,South Africa,East Coast India,Coal,Bulk Carrier,13.75,USD,Metric Ton,Actual,Baltic Exchange / S&P Global Platts,N/A,N/A
2024-03-01,Russia,East Coast India,Coal,Bulk Carrier,16.57,USD,Metric Ton,Actual,Baltic Exchange / S&P Global Platts,N/A,N/A
2024-03-01,Australia,East Coast India,Iron Ore,Bulk Carrier,13.88,USD,Metric Ton,Actual,Baltic Exchange / S&P Global Platts,N/A,N/A
2024-03-01,Brazil,East Coast India,Iron Ore,Bulk Carrier,24.81,USD,Metric Ton,Actual,Baltic Exchange / S&P Global Platts,N/A,N/A
2024-03-01,South Africa,East Coast India,Iron Ore,Bulk Carrier,14.78,USD,Metric Ton,Actual,Baltic Exchange / S&P Global Platts,N/A,N/A
2024-03-01,Iraq,East Coast India,Crude Oil,Tanker,13.3,USD,Metric Ton,Actual,Baltic Exchange / S&P Global Platts,N/A,N/A
2024-03-01,Saudi Arabia,East Coast India,Crude Oil,Tanker,12.06,USD,Metric Ton,Actual,Baltic Exchange / S&P Global Platts,N/A,N/A
2024-03-01,United Arab Emirates,East Coast India,Crude Oil,Tanker,12.04,USD,Metric Ton,Actual,Baltic Exchange / S&P Global Platts,N/A,N/A
2024-03-01,Russia,East Coast India,Crude Oil,Tanker,19.85,USD,Metric Ton,Actual,Baltic Exchange / S&P Global Platts,N/A,N/A
2024-03-01,United Arab Emirates,East Coast India,Petroleum Products,Tanker,16.28,USD,Metric Ton,Actual,Baltic Exchange / S&P Global Platts,N/A,N/A
2024-03-01,Singapore,East Coast India,Petroleum Products,Tanker,11.26,USD,Metric Ton,Actual,Baltic Exchange / S&P Global Platts,N/A,N/A
2024-03-01,Saudi Arabia,East Coast India,Petroleum Products,Tanker,15.45,USD,Metric Ton,Actual,Baltic Exchange / S&P Global Platts,N/A,N/A
2024-04-01,Australia,East Coast India,Coal,Bulk Carrier,15.71,USD,Metric Ton,Actual,Baltic Exchange / S&P Global Platts,N/A,N/A
2024-04-01,Indonesia,East Coast India,Coal,Bulk Carrier,9.75,USD,Metric Ton,Actual,Baltic Exchange / S&P Global Platts,N/A,N/A
2024-04-01,South Africa,East Coast India,Coal,Bulk Carrier,14.77,USD,Metric Ton,Actual,Baltic Exchange / S&P Global Platts,N/A,N/A
2024-04-01,Russia,East Coast India,Coal,Bulk Carrier,18.42,USD,Metric Ton,Actual,Baltic Exchange / S&P Global Platts,N/A,N/A
2024-04-01,Australia,East Coast India,Iron Ore,Bulk Carrier,14.29,USD,Metric Ton,Actual,Baltic Exchange / S&P Global Platts,N/A,N/A
2024-04-01,Brazil,East Coast India,Iron Ore,Bulk Carrier,24.76,USD,Metric Ton,Actual,Baltic Exchange / S&P Global Platts,N/A,N/A
2024-04-01,South Africa,East Coast India,Iron Ore,Bulk Carrier,16.08,USD,Metric Ton,Actual,Baltic Exchange / S&P Global Platts,N/A,N/A
2024-04-01,Iraq,East Coast India,Crude Oil,Tanker,12.78,USD,Metric Ton,Actual,Baltic Exchange / S&P Global Platts,N/A,N/A
2024-04-01,Saudi Arabia,East Coast India,Crude Oil,Tanker,12.1,USD,Metric Ton,Actual,Baltic Exchange / S&P Global Platts,N/A,N/A
2024-04-01,United Arab Emirates,East Coast India,Crude Oil,Tanker,12.39,USD,Metric Ton,Actual,Baltic Exchange / S&P Global Platts,N/A,N/A
2024-04-01,Russia,East Coast India,Crude Oil,Tanker,19.95,USD,Metric Ton,Actual,Baltic Exchange / S&P Global Platts,N/A,N/A
2024-04-01,United Arab Emirates,East Coast India,Petroleum Products,Tanker,17.06,USD,Metric Ton,Actual,Baltic Exchange / S&P Global Platts,N/A,N/A
2024-04-01,Singapore,East Coast India,Petroleum Products,Tanker,11.13,USD,Metric Ton,Actual,Baltic Exchange / S&P Global Platts,N/A,N/A
2024-04-01,Saudi Arabia,East Coast India,Petroleum Products,Tanker,16.42,USD,Metric Ton,Actual,Baltic Exchange / S&P Global Platts,N/A,N/A
2024-05-01,Australia,East Coast India,Coal,Bulk Carrier,15.83,USD,Metric Ton,Actual,Baltic Exchange / S&P Global Platts,N/A,N/A
2024-05-01,Indonesia,East Coast India,Coal,Bulk Carrier,9.24,USD,Metric Ton,Actual,Baltic Exchange / S&P Global Platts,N/A,N/A
2024-05-01,South Africa,East Coast India,Coal,Bulk Carrier,14.13,USD,Metric Ton,Actual,Baltic Exchange / S&P Global Platts,N/A,N/A
2024-05-01,Russia,East Coast India,Coal,Bulk Carrier,18.57,USD,Metric Ton,Actual,Baltic Exchange / S&P Global Platts,N/A,N/A
2024-05-01,Australia,East Coast India,Iron Ore,Bulk Carrier,15.44,USD,Metric Ton,Actual,Baltic Exchange / S&P Global Platts,N/A,N/A
2024-05-01,Brazil,East Coast India,Iron Ore,Bulk Carrier,24.81,USD,Metric Ton,Actual,Baltic Exchange / S&P Global Platts,N/A,N/A
2024-05-01,South Africa,East Coast India,Iron Ore,Bulk Carrier,15.53,USD,Metric Ton,Actual,Baltic Exchange / S&P Global Platts,N/A,N/A
2024-05-01,Iraq,East Coast India,Crude Oil,Tanker,14.01,USD,Metric Ton,Actual,Baltic Exchange / S&P Global Platts,N/A,N/A
2024-05-01,Saudi Arabia,East Coast India,Crude Oil,Tanker,12.8,USD,Metric Ton,Actual,Baltic Exchange / S&P Global Platts,N/A,N/A
2024-05-01,United Arab Emirates,East Coast India,Crude Oil,Tanker,12.77,USD,Metric Ton,Actual,Baltic Exchange / S&P Global Platts,N/A,N/A
2024-05-01,Russia,East Coast India,Crude Oil,Tanker,20.13,USD,Metric Ton,Actual,Baltic Exchange / S&P Global Platts,N/A,N/A
2024-05-01,United Arab Emirates,East Coast India,Petroleum Products,Tanker,16.67,USD,Metric Ton,Actual,Baltic Exchange / S&P Global Platts,N/A,N/A
2024-05-01,Singapore,East Coast India,Petroleum Products,Tanker,11.77,USD,Metric Ton,Actual,Baltic Exchange / S&P Global Platts,N/A,N/A
2024-05-01,Saudi Arabia,East Coast India,Petroleum Products,Tanker,15.99,USD,Metric Ton,Actual,Baltic Exchange / S&P Global Platts,N/A,N/A
2024-06-01,Australia,East Coast India,Coal,Bulk Carrier,17.09,USD,Metric Ton,Actual,Baltic Exchange / S&P Global Platts,N/A,N/A
2024-06-01,Indonesia,East Coast India,Coal,Bulk Carrier,9.78,USD,Metric Ton,Actual,Baltic Exchange / S&P Global Platts,N/A,N/A
2024-06-01,South Africa,East Coast India,Coal,Bulk Carrier,14.55,USD,Metric Ton,Actual,Baltic Exchange / S&P Global Platts,N/A,N/A
2024-06-01,Russia,East Coast India,Coal,Bulk Carrier,19.14,USD,Metric Ton,Actual,Baltic Exchange / S&P Global Platts,N/A,N/A
2024-06-01,Australia,East Coast India,Iron Ore,Bulk Carrier,15.34,USD,Metric Ton,Actual,Baltic Exchange / S&P Global Platts,N/A,N/A
2024-06-01,Brazil,East Coast India,Iron Ore,Bulk Carrier,25.41,USD,Metric Ton,Actual,Baltic Exchange / S&P Global Platts,N/A,N/A
2024-06-01,South Africa,East Coast India,Iron Ore,Bulk Carrier,16.75,USD,Metric Ton,Actual,Baltic Exchange / S&P Global Platts,N/A,N/A
2024-06-01,Iraq,East Coast India,Crude Oil,Tanker,13.97,USD,Metric Ton,Actual,Baltic Exchange / S&P Global Platts,N/A,N/A
2024-06-01,Saudi Arabia,East Coast India,Crude Oil,Tanker,12.72,USD,Metric Ton,Actual,Baltic Exchange / S&P Global Platts,N/A,N/A
2024-06-01,United Arab Emirates,East Coast India,Crude Oil,Tanker,13.21,USD,Metric Ton,Actual,Baltic Exchange / S&P Global Platts,N/A,N/A
2024-06-01,Russia,East Coast India,Crude Oil,Tanker,20.96,USD,Metric Ton,Actual,Baltic Exchange / S&P Global Platts,N/A,N/A
2024-06-01,United Arab Emirates,East Coast India,Petroleum Products,Tanker,16.97,USD,Metric Ton,Actual,Baltic Exchange / S&P Global Platts,N/A,N/A
2024-06-01,Singapore,East Coast India,Petroleum Products,Tanker,11.64,USD,Metric Ton,Actual,Baltic Exchange / S&P Global Platts,N/A,N/A
2024-06-01,Saudi Arabia,East Coast India,Petroleum Products,Tanker,17.17,USD,Metric Ton,Actual,Baltic Exchange / S&P Global Platts,N/A,N/A
2024-07-01,Australia,East Coast India,Coal,Bulk Carrier,17.24,USD,Metric Ton,Actual,Baltic Exchange / S&P Global Platts,N/A,N/A
2024-07-01,Indonesia,East Coast India,Coal,Bulk Carrier,10.02,USD,Metric Ton,Actual,Baltic Exchange / S&P Global Platts,N/A,N/A
2024-07-01,South Africa,East Coast India,Coal,Bulk Carrier,15.88,USD,Metric Ton,Actual,Baltic Exchange / S&P Global Platts,N/A,N/A
2024-07-01,Russia,East Coast India,Coal,Bulk Carrier,19.34,USD,Metric Ton,Actual,Baltic Exchange / S&P Global Platts,N/A,N/A
2024-07-01,Australia,East Coast India,Iron Ore,Bulk Carrier,15.31,USD,Metric Ton,Actual,Baltic Exchange / S&P Global Platts,N/A,N/A
2024-07-01,Brazil,East Coast India,Iron Ore,Bulk Carrier,25.36,USD,Metric Ton,Actual,Baltic Exchange / S&P Global Platts,N/A,N/A
2024-07-01,South Africa,East Coast India,Iron Ore,Bulk Carrier,16.04,USD,Metric Ton,Actual,Baltic Exchange / S&P Global Platts,N/A,N/A
2024-07-01,Iraq,East Coast India,Crude Oil,Tanker,14.44,USD,Metric Ton,Actual,Baltic Exchange / S&P Global Platts,N/A,N/A
2024-07-01,Saudi Arabia,East Coast India,Crude Oil,Tanker,12.88,USD,Metric Ton,Actual,Baltic Exchange / S&P Global Platts,N/A,N/A
2024-07-01,United Arab Emirates,East Coast India,Crude Oil,Tanker,13.02,USD,Metric Ton,Actual,Baltic Exchange / S&P Global Platts,N/A,N/A
2024-07-01,Russia,East Coast India,Crude Oil,Tanker,21.71,USD,Metric Ton,Actual,Baltic Exchange / S&P Global Platts,N/A,N/A
2024-07-01,United Arab Emirates,East Coast India,Petroleum Products,Tanker,18.29,USD,Metric Ton,Actual,Baltic Exchange / S&P Global Platts,N/A,N/A
2024-07-01,Singapore,East Coast India,Petroleum Products,Tanker,12.14,USD,Metric Ton,Actual,Baltic Exchange / S&P Global Platts,N/A,N/A
2024-07-01,Saudi Arabia,East Coast India,Petroleum Products,Tanker,17.58,USD,Metric Ton,Actual,Baltic Exchange / S&P Global Platts,N/A,N/A
2024-08-01,Australia,East Coast India,Coal,Bulk Carrier,16.72,USD,Metric Ton,Actual,Baltic Exchange / S&P Global Platts,N/A,N/A
2024-08-01,Indonesia,East Coast India,Coal,Bulk Carrier,10.55,USD,Metric Ton,Actual,Baltic Exchange / S&P Global Platts,N/A,N/A
2024-08-01,South Africa,East Coast India,Coal,Bulk Carrier,15.02,USD,Metric Ton,Actual,Baltic Exchange / S&P Global Platts,N/A,N/A
2024-08-01,Russia,East Coast India,Coal,Bulk Carrier,19,USD,Metric Ton,Actual,Baltic Exchange / S&P Global Platts,N/A,N/A
2024-08-01,Australia,East Coast India,Iron Ore,Bulk Carrier,16.68,USD,Metric Ton,Actual,Baltic Exchange / S&P Global Platts,N/A,N/A
2024-08-01,Brazil,East Coast India,Iron Ore,Bulk Carrier,25.48,USD,Metric Ton,Actual,Baltic Exchange / S&P Global Platts,N/A,N/A
2024-08-01,South Africa,East Coast India,Iron Ore,Bulk Carrier,16.35,USD,Metric Ton,Actual,Baltic Exchange / S&P Global Platts,N/A,N/A
2024-08-01,Iraq,East Coast India,Crude Oil,Tanker,14.72,USD,Metric Ton,Actual,Baltic Exchange / S&P Global Platts,N/A,N/A
2024-08-01,Saudi Arabia,East Coast India,Crude Oil,Tanker,14.1,USD,Metric Ton,Actual,Baltic Exchange / S&P Global Platts,N/A,N/A
2024-08-01,United Arab Emirates,East Coast India,Crude Oil,Tanker,13.39,USD,Metric Ton,Actual,Baltic Exchange / S&P Global Platts,N/A,N/A
2024-08-01,Russia,East Coast India,Crude Oil,Tanker,22.02,USD,Metric Ton,Actual,Baltic Exchange / S&P Global Platts,N/A,N/A
2024-08-01,United Arab Emirates,East Coast India,Petroleum Products,Tanker,18.08,USD,Metric Ton,Actual,Baltic Exchange / S&P Global Platts,N/A,N/A
2024-08-01,Singapore,East Coast India,Petroleum Products,Tanker,12.29,USD,Metric Ton,Actual,Baltic Exchange / S&P Global Platts,N/A,N/A
2024-08-01,Saudi Arabia,East Coast India,Petroleum Products,Tanker,17.13,USD,Metric Ton,Actual,Baltic Exchange / S&P Global Platts,N/A,N/A
2024-09-01,Australia,East Coast India,Coal,Bulk Carrier,17.2,USD,Metric Ton,Actual,Baltic Exchange / S&P Global Platts,N/A,N/A
2024-09-01,Indonesia,East Coast India,Coal,Bulk Carrier,10.84,USD,Metric Ton,Actual,Baltic Exchange / S&P Global Platts,N/A,N/A
2024-09-01,South Africa,East Coast India,Coal,Bulk Carrier,16.06,USD,Metric Ton,Actual,Baltic Exchange / S&P Global Platts,N/A,N/A
2024-09-01,Russia,East Coast India,Coal,Bulk Carrier,19.41,USD,Metric Ton,Actual,Baltic Exchange / S&P Global Platts,N/A,N/A
2024-09-01,Australia,East Coast India,Iron Ore,Bulk Carrier,16.47,USD,Metric Ton,Actual,Baltic Exchange / S&P Global Platts,N/A,N/A
2024-09-01,Brazil,East Coast India,Iron Ore,Bulk Carrier,28.16,USD,Metric Ton,Actual,Baltic Exchange / S&P Global Platts,N/A,N/A
2024-09-01,South Africa,East Coast India,Iron Ore,Bulk Carrier,16.56,USD,Metric Ton,Actual,Baltic Exchange / S&P Global Platts,N/A,N/A
2024-09-01,Iraq,East Coast India,Crude Oil,Tanker,14.83,USD,Metric Ton,Actual,Baltic Exchange / S&P Global Platts,N/A,N/A
2024-09-01,Saudi Arabia,East Coast India,Crude Oil,Tanker,14.1,USD,Metric Ton,Actual,Baltic Exchange / S&P Global Platts,N/A,N/A
2024-09-01,United Arab Emirates,East Coast India,Crude Oil,Tanker,13.63,USD,Metric Ton,Actual,Baltic Exchange / S&P Global Platts,N/A,N/A
2024-09-01,Russia,East Coast India,Crude Oil,Tanker,20.99,USD,Metric Ton,Actual,Baltic Exchange / S&P Global Platts,N/A,N/A
2024-09-01,United Arab Emirates,East Coast India,Petroleum Products,Tanker,19.06,USD,Metric Ton,Actual,Baltic Exchange / S&P Global Platts,N/A,N/A
2024-09-01,Singapore,East Coast India,Petroleum Products,Tanker,13.42,USD,Metric Ton,Actual,Baltic Exchange / S&P Global Platts,N/A,N/A
2024-09-01,Saudi Arabia,East Coast India,Petroleum Products,Tanker,17.88,USD,Metric Ton,Actual,Baltic Exchange / S&P Global Platts,N/A,N/A
2024-10-01,Australia,East Coast India,Coal,Bulk Carrier,18.48,USD,Metric Ton,Actual,Baltic Exchange / S&P Global Platts,N/A,N/A
2024-10-01,Indonesia,East Coast India,Coal,Bulk Carrier,11.07,USD,Metric Ton,Actual,Baltic Exchange / S&P Global Platts,N/A,N/A
2024-10-01,South Africa,East Coast India,Coal,Bulk Carrier,16.59,USD,Metric Ton,Actual,Baltic Exchange / S&P Global Platts,N/A,N/A
2024-10-01,Russia,East Coast India,Coal,Bulk Carrier,19.31,USD,Metric Ton,Actual,Baltic Exchange / S&P Global Platts,N/A,N/A
2024-10-01,Australia,East Coast India,Iron Ore,Bulk Carrier,17,USD,Metric Ton,Actual,Baltic Exchange / S&P Global Platts,N/A,N/A
2024-10-01,Brazil,East Coast India,Iron Ore,Bulk Carrier,27.79,USD,Metric Ton,Actual,Baltic Exchange / S&P Global Platts,N/A,N/A
2024-10-01,South Africa,East Coast India,Iron Ore,Bulk Carrier,17.37,USD,Metric Ton,Actual,Baltic Exchange / S&P Global Platts,N/A,N/A
2024-10-01,Iraq,East Coast India,Crude Oil,Tanker,15.35,USD,Metric Ton,Actual,Baltic Exchange / S&P Global Platts,N/A,N/A
2024-10-01,Saudi Arabia,East Coast India,Crude Oil,Tanker,15,USD,Metric Ton,Actual,Baltic Exchange / S&P Global Platts,N/A,N/A
2024-10-01,United Arab Emirates,East Coast India,Crude Oil,Tanker,14.34,USD,Metric Ton,Actual,Baltic Exchange / S&P Global Platts,N/A,N/A
2024-10-01,Russia,East Coast India,Crude Oil,Tanker,22.39,USD,Metric Ton,Actual,Baltic Exchange / S&P Global Platts,N/A,N/A
2024-10-01,United Arab Emirates,East Coast India,Petroleum Products,Tanker,18.02,USD,Metric Ton,Actual,Baltic Exchange / S&P Global Platts,N/A,N/A
2024-10-01,Singapore,East Coast India,Petroleum Products,Tanker,13.76,USD,Metric Ton,Actual,Baltic Exchange / S&P Global Platts,N/A,N/A
2024-10-01,Saudi Arabia,East Coast India,Petroleum Products,Tanker,18.74,USD,Metric Ton,Actual,Baltic Exchange / S&P Global Platts,N/A,N/A
2024-11-01,Australia,East Coast India,Coal,Bulk Carrier,17.79,USD,Metric Ton,Actual,Baltic Exchange / S&P Global Platts,N/A,N/A
2024-11-01,Indonesia,East Coast India,Coal,Bulk Carrier,11.29,USD,Metric Ton,Actual,Baltic Exchange / S&P Global Platts,N/A,N/A
2024-11-01,South Africa,East Coast India,Coal,Bulk Carrier,17.19,USD,Metric Ton,Actual,Baltic Exchange / S&P Global Platts,N/A,N/A
2024-11-01,Russia,East Coast India,Coal,Bulk Carrier,20.44,USD,Metric Ton,Actual,Baltic Exchange / S&P Global Platts,N/A,N/A
2024-11-01,Australia,East Coast India,Iron Ore,Bulk Carrier,17.37,USD,Metric Ton,Actual,Baltic Exchange / S&P Global Platts,N/A,N/A
2024-11-01,Brazil,East Coast India,Iron Ore,Bulk Carrier,27.77,USD,Metric Ton,Actual,Baltic Exchange / S&P Global Platts,N/A,N/A
2024-11-01,South Africa,East Coast India,Iron Ore,Bulk Carrier,17.06,USD,Metric Ton,Actual,Baltic Exchange / S&P Global Platts,N/A,N/A
2024-11-01,Iraq,East Coast India,Crude Oil,Tanker,15.05,USD,Metric Ton,Actual,Baltic Exchange / S&P Global Platts,N/A,N/A
2024-11-01,Saudi Arabia,East Coast India,Crude Oil,Tanker,15.11,USD,Metric Ton,Actual,Baltic Exchange / S&P Global Platts,N/A,N/A
2024-11-01,United Arab Emirates,East Coast India,Crude Oil,Tanker,13.33,USD,Metric Ton,Actual,Baltic Exchange / S&P Global Platts,N/A,N/A
2024-11-01,Russia,East Coast India,Crude Oil,Tanker,22.57,USD,Metric Ton,Actual,Baltic Exchange / S&P Global Platts,N/A,N/A
2024-11-01,United Arab Emirates,East Coast India,Petroleum Products,Tanker,18.93,USD,Metric Ton,Actual,Baltic Exchange / S&P Global Platts,N/A,N/A
2024-11-01,Singapore,East Coast India,Petroleum Products,Tanker,13.44,USD,Metric Ton,Actual,Baltic Exchange / S&P Global Platts,N/A,N/A
2024-11-01,Saudi Arabia,East Coast India,Petroleum Products,Tanker,19.26,USD,Metric Ton,Actual,Baltic Exchange / S&P Global Platts,N/A,N/A
2024-12-01,Australia,East Coast India,Coal,Bulk Carrier,18.56,USD,Metric Ton,Actual,Baltic Exchange / S&P Global Platts,N/A,N/A
2024-12-01,Indonesia,East Coast India,Coal,Bulk Carrier,10.88,USD,Metric Ton,Actual,Baltic Exchange / S&P Global Platts,N/A,N/A
2024-12-01,South Africa,East Coast India,Coal,Bulk Carrier,17.3,USD,Metric Ton,Actual,Baltic Exchange / S&P Global Platts,N/A,N/A
2024-12-01,Russia,East Coast India,Coal,Bulk Carrier,20.7,USD,Metric Ton,Actual,Baltic Exchange / S&P Global Platts,N/A,N/A
2024-12-01,Australia,East Coast India,Iron Ore,Bulk Carrier,17.07,USD,Metric Ton,Actual,Baltic Exchange / S&P Global Platts,N/A,N/A
2024-12-01,Brazil,East Coast India,Iron Ore,Bulk Carrier,28.46,USD,Metric Ton,Actual,Baltic Exchange / S&P Global Platts,N/A,N/A
2024-12-01,South Africa,East Coast India,Iron Ore,Bulk Carrier,17.55,USD,Metric Ton,Actual,Baltic Exchange / S&P Global Platts,N/A,N/A
2024-12-01,Iraq,East Coast India,Crude Oil,Tanker,15.1,USD,Metric Ton,Actual,Baltic Exchange / S&P Global Platts,N/A,N/A
2024-12-01,Saudi Arabia,East Coast India,Crude Oil,Tanker,14.95,USD,Metric Ton,Actual,Baltic Exchange / S&P Global Platts,N/A,N/A
2024-12-01,United Arab Emirates,East Coast India,Crude Oil,Tanker,14.18,USD,Metric Ton,Actual,Baltic Exchange / S&P Global Platts,N/A,N/A
2024-12-01,Russia,East Coast India,Crude Oil,Tanker,24.37,USD,Metric Ton,Actual,Baltic Exchange / S&P Global Platts,N/A,N/A
2024-12-01,United Arab Emirates,East Coast India,Petroleum Products,Tanker,19.23,USD,Metric Ton,Actual,Baltic Exchange / S&P Global Platts,N/A,N/A
2024-12-01,Singapore,East Coast India,Petroleum Products,Tanker,13.76,USD,Metric Ton,Actual,Baltic Exchange / S&P Global Platts,N/A,N/A
2024-12-01,Saudi Arabia,East Coast India,Petroleum Products,Tanker,19.1,USD,Metric Ton,Actual,Baltic Exchange / S&P Global Platts,N/A,N/A
2025-01-01,Australia,East Coast India,Coal,Bulk Carrier,17.82,USD,Metric Ton,Actual,Baltic Exchange / S&P Global Platts,N/A,N/A
2025-01-01,Indonesia,East Coast India,Coal,Bulk Carrier,11.16,USD,Metric Ton,Actual,Baltic Exchange / S&P Global Platts,N/A,N/A
2025-01-01,South Africa,East Coast India,Coal,Bulk Carrier,16.25,USD,Metric Ton,Actual,Baltic Exchange / S&P Global Platts,N/A,N/A
2025-01-01,Russia,East Coast India,Coal,Bulk Carrier,21.62,USD,Metric Ton,Actual,Baltic Exchange / S&P Global Platts,N/A,N/A
2025-01-01,Australia,East Coast India,Iron Ore,Bulk Carrier,16.82,USD,Metric Ton,Actual,Baltic Exchange / S&P Global Platts,N/A,N/A
2025-01-01,Brazil,East Coast India,Iron Ore,Bulk Carrier,28.17,USD,Metric Ton,Actual,Baltic Exchange / S&P Global Platts,N/A,N/A
2025-01-01,South Africa,East Coast India,Iron Ore,Bulk Carrier,17.33,USD,Metric Ton,Actual,Baltic Exchange / S&P Global Platts,N/A,N/A
2025-01-01,Iraq,East Coast India,Crude Oil,Tanker,16.27,USD,Metric Ton,Actual,Baltic Exchange / S&P Global Platts,N/A,N/A
2025-01-01,Saudi Arabia,East Coast India,Crude Oil,Tanker,14.86,USD,Metric Ton,Actual,Baltic Exchange / S&P Global Platts,N/A,N/A
2025-01-01,United Arab Emirates,East Coast India,Crude Oil,Tanker,14.34,USD,Metric Ton,Actual,Baltic Exchange / S&P Global Platts,N/A,N/A
2025-01-01,Russia,East Coast India,Crude Oil,Tanker,22.24,USD,Metric Ton,Actual,Baltic Exchange / S&P Global Platts,N/A,N/A
2025-01-01,United Arab Emirates,East Coast India,Petroleum Products,Tanker,19.86,USD,Metric Ton,Actual,Baltic Exchange / S&P Global Platts,N/A,N/A
2025-01-01,Singapore,East Coast India,Petroleum Products,Tanker,13.17,USD,Metric Ton,Actual,Baltic Exchange / S&P Global Platts,N/A,N/A
2025-01-01,Saudi Arabia,East Coast India,Petroleum Products,Tanker,19.47,USD,Metric Ton,Actual,Baltic Exchange / S&P Global Platts,N/A,N/A
2025-02-01,Australia,East Coast India,Coal,Bulk Carrier,18.06,USD,Metric Ton,Actual,Baltic Exchange / S&P Global Platts,N/A,N/A
2025-02-01,Indonesia,East Coast India,Coal,Bulk Carrier,10.57,USD,Metric Ton,Actual,Baltic Exchange / S&P Global Platts,N/A,N/A
2025-02-01,South Africa,East Coast India,Coal,Bulk Carrier,15.91,USD,Metric Ton,Actual,Baltic Exchange / S&P Global Platts,N/A,N/A
2025-02-01,Russia,East Coast India,Coal,Bulk Carrier,20.48,USD,Metric Ton,Actual,Baltic Exchange / S&P Global Platts,N/A,N/A
2025-02-01,Australia,East Coast India,Iron Ore,Bulk Carrier,17.44,USD,Metric Ton,Actual,Baltic Exchange / S&P Global Platts,N/A,N/A
2025-02-01,Brazil,East Coast India,Iron Ore,Bulk Carrier,27.01,USD,Metric Ton,Actual,Baltic Exchange / S&P Global Platts,N/A,N/A
2025-02-01,South Africa,East Coast India,Iron Ore,Bulk Carrier,18.46,USD,Metric Ton,Actual,Baltic Exchange / S&P Global Platts,N/A,N/A
2025-02-01,Iraq,East Coast India,Crude Oil,Tanker,15.33,USD,Metric Ton,Actual,Baltic Exchange / S&P Global Platts,N/A,N/A
2025-02-01,Saudi Arabia,East Coast India,Crude Oil,Tanker,14.79,USD,Metric Ton,Actual,Baltic Exchange / S&P Global Platts,N/A,N/A
2025-02-01,United Arab Emirates,East Coast India,Crude Oil,Tanker,14.03,USD,Metric Ton,Actual,Baltic Exchange / S&P Global Platts,N/A,N/A
2025-02-01,Russia,East Coast India,Crude Oil,Tanker,22.87,USD,Metric Ton,Actual,Baltic Exchange / S&P Global Platts,N/A,N/A
2025-02-01,United Arab Emirates,East Coast India,Petroleum Products,Tanker,19.36,USD,Metric Ton,Actual,Baltic Exchange / S&P Global Platts,N/A,N/A
2025-02-01,Singapore,East Coast India,Petroleum Products,Tanker,13.01,USD,Metric Ton,Actual,Baltic Exchange / S&P Global Platts,N/A,N/A
2025-02-01,Saudi Arabia,East Coast India,Petroleum Products,Tanker,18.02,USD,Metric Ton,Actual,Baltic Exchange / S&P Global Platts,N/A,N/A
2025-03-01,Australia,East Coast India,Coal,Bulk Carrier,19.16,USD,Metric Ton,Actual,Baltic Exchange / S&P Global Platts,N/A,N/A
2025-03-01,Indonesia,East Coast India,Coal,Bulk Carrier,11.32,USD,Metric Ton,Actual,Baltic Exchange / S&P Global Platts,N/A,N/A
2025-03-01,South Africa,East Coast India,Coal,Bulk Carrier,16.37,USD,Metric Ton,Actual,Baltic Exchange / S&P Global Platts,N/A,N/A
2025-03-01,Russia,East Coast India,Coal,Bulk Carrier,19.93,USD,Metric Ton,Actual,Baltic Exchange / S&P Global Platts,N/A,N/A
2025-03-01,Australia,East Coast India,Iron Ore,Bulk Carrier,17.46,USD,Metric Ton,Actual,Baltic Exchange / S&P Global Platts,N/A,N/A
2025-03-01,Brazil,East Coast India,Iron Ore,Bulk Carrier,27.79,USD,Metric Ton,Actual,Baltic Exchange / S&P Global Platts,N/A,N/A
2025-03-01,South Africa,East Coast India,Iron Ore,Bulk Carrier,17,USD,Metric Ton,Actual,Baltic Exchange / S&P Global Platts,N/A,N/A
2025-03-01,Iraq,East Coast India,Crude Oil,Tanker,14.77,USD,Metric Ton,Actual,Baltic Exchange / S&P Global Platts,N/A,N/A
2025-03-01,Saudi Arabia,East Coast India,Crude Oil,Tanker,14.98,USD,Metric Ton,Actual,Baltic Exchange / S&P Global Platts,N/A,N/A
2025-03-01,United Arab Emirates,East Coast India,Crude Oil,Tanker,14.25,USD,Metric Ton,Actual,Baltic Exchange / S&P Global Platts,N/A,N/A
2025-03-01,Russia,East Coast India,Crude Oil,Tanker,21.86,USD,Metric Ton,Actual,Baltic Exchange / S&P Global Platts,N/A,N/A
2025-03-01,United Arab Emirates,East Coast India,Petroleum Products,Tanker,18.59,USD,Metric Ton,Actual,Baltic Exchange / S&P Global Platts,N/A,N/A
2025-03-01,Singapore,East Coast India,Petroleum Products,Tanker,13.03,USD,Metric Ton,Actual,Baltic Exchange / S&P Global Platts,N/A,N/A
2025-03-01,Saudi Arabia,East Coast India,Petroleum Products,Tanker,18.81,USD,Metric Ton,Actual,Baltic Exchange / S&P Global Platts,N/A,N/A
2025-04-01,Australia,East Coast India,Coal,Bulk Carrier,17.48,USD,Metric Ton,Actual,Baltic Exchange / S&P Global Platts,N/A,N/A
2025-04-01,Indonesia,East Coast India,Coal,Bulk Carrier,10.34,USD,Metric Ton,Actual,Baltic Exchange / S&P Global Platts,N/A,N/A
2025-04-01,South Africa,East Coast India,Coal,Bulk Carrier,16.96,USD,Metric Ton,Actual,Baltic Exchange / S&P Global Platts,N/A,N/A
2025-04-01,Russia,East Coast India,Coal,Bulk Carrier,19.62,USD,Metric Ton,Actual,Baltic Exchange / S&P Global Platts,N/A,N/A
2025-04-01,Australia,East Coast India,Iron Ore,Bulk Carrier,17.36,USD,Metric Ton,Actual,Baltic Exchange / S&P Global Platts,N/A,N/A
2025-04-01,Brazil,East Coast India,Iron Ore,Bulk Carrier,27.14,USD,Metric Ton,Actual,Baltic Exchange / S&P Global Platts,N/A,N/A
2025-04-01,South Africa,East Coast India,Iron Ore,Bulk Carrier,17.02,USD,Metric Ton,Actual,Baltic Exchange / S&P Global Platts,N/A,N/A
2025-04-01,Iraq,East Coast India,Crude Oil,Tanker,14.81,USD,Metric Ton,Actual,Baltic Exchange / S&P Global Platts,N/A,N/A
2025-04-01,Saudi Arabia,East Coast India,Crude Oil,Tanker,14.89,USD,Metric Ton,Actual,Baltic Exchange / S&P Global Platts,N/A,N/A
2025-04-01,United Arab Emirates,East Coast India,Crude Oil,Tanker,14.43,USD,Metric Ton,Actual,Baltic Exchange / S&P Global Platts,N/A,N/A
2025-04-01,Russia,East Coast India,Crude Oil,Tanker,23.55,USD,Metric Ton,Actual,Baltic Exchange / S&P Global Platts,N/A,N/A
2025-04-01,United Arab Emirates,East Coast India,Petroleum Products,Tanker,18.8,USD,Metric Ton,Actual,Baltic Exchange / S&P Global Platts,N/A,N/A
2025-04-01,Singapore,East Coast India,Petroleum Products,Tanker,13.52,USD,Metric Ton,Actual,Baltic Exchange / S&P Global Platts,N/A,N/A
2025-04-01,Saudi Arabia,East Coast India,Petroleum Products,Tanker,17.82,USD,Metric Ton,Actual,Baltic Exchange / S&P Global Platts,N/A,N/A
2025-05-01,Australia,East Coast India,Coal,Bulk Carrier,17.87,USD,Metric Ton,Actual,Baltic Exchange / S&P Global Platts,N/A,N/A
2025-05-01,Indonesia,East Coast India,Coal,Bulk Carrier,11.12,USD,Metric Ton,Actual,Baltic Exchange / S&P Global Platts,N/A,N/A
2025-05-01,South Africa,East Coast India,Coal,Bulk Carrier,15.56,USD,Metric Ton,Actual,Baltic Exchange / S&P Global Platts,N/A,N/A
2025-05-01,Russia,East Coast India,Coal,Bulk Carrier,19.3,USD,Metric Ton,Actual,Baltic Exchange / S&P Global Platts,N/A,N/A
2025-05-01,Australia,East Coast India,Iron Ore,Bulk Carrier,16.49,USD,Metric Ton,Actual,Baltic Exchange / S&P Global Platts,N/A,N/A
2025-05-01,Brazil,East Coast India,Iron Ore,Bulk Carrier,26.37,USD,Metric Ton,Actual,Baltic Exchange / S&P Global Platts,N/A,N/A
2025-05-01,South Africa,East Coast India,Iron Ore,Bulk Carrier,17.06,USD,Metric Ton,Actual,Baltic Exchange / S&P Global Platts,N/A,N/A
2025-05-01,Iraq,East Coast India,Crude Oil,Tanker,15.23,USD,Metric Ton,Actual,Baltic Exchange / S&P Global Platts,N/A,N/A
2025-05-01,Saudi Arabia,East Coast India,Crude Oil,Tanker,14.36,USD,Metric Ton,Actual,Baltic Exchange / S&P Global Platts,N/A,N/A
2025-05-01,United Arab Emirates,East Coast India,Crude Oil,Tanker,14.39,USD,Metric Ton,Actual,Baltic Exchange / S&P Global Platts,N/A,N/A
2025-05-01,Russia,East Coast India,Crude Oil,Tanker,23.37,USD,Metric Ton,Actual,Baltic Exchange / S&P Global Platts,N/A,N/A
2025-05-01,United Arab Emirates,East Coast India,Petroleum Products,Tanker,18.58,USD,Metric Ton,Actual,Baltic Exchange / S&P Global Platts,N/A,N/A
2025-05-01,Singapore,East Coast India,Petroleum Products,Tanker,12.89,USD,Metric Ton,Actual,Baltic Exchange / S&P Global Platts,N/A,N/A
2025-05-01,Saudi Arabia,East Coast India,Petroleum Products,Tanker,18.03,USD,Metric Ton,Actual,Baltic Exchange / S&P Global Platts,N/A,N/A
2025-06-01,Australia,East Coast India,Coal,Bulk Carrier,18.29,USD,Metric Ton,Actual,Baltic Exchange / S&P Global Platts,N/A,N/A
2025-06-01,Indonesia,East Coast India,Coal,Bulk Carrier,10.38,USD,Metric Ton,Actual,Baltic Exchange / S&P Global Platts,N/A,N/A
2025-06-01,South Africa,East Coast India,Coal,Bulk Carrier,16.45,USD,Metric Ton,Actual,Baltic Exchange / S&P Global Platts,N/A,N/A
2025-06-01,Russia,East Coast India,Coal,Bulk Carrier,19.82,USD,Metric Ton,Actual,Baltic Exchange / S&P Global Platts,N/A,N/A
2025-06-01,Australia,East Coast India,Iron Ore,Bulk Carrier,16.96,USD,Metric Ton,Actual,Baltic Exchange / S&P Global Platts,N/A,N/A
2025-06-01,Brazil,East Coast India,Iron Ore,Bulk Carrier,27.32,USD,Metric Ton,Actual,Baltic Exchange / S&P Global Platts,N/A,N/A
2025-06-01,South Africa,East Coast India,Iron Ore,Bulk Carrier,17.14,USD,Metric Ton,Actual,Baltic Exchange / S&P Global Platts,N/A,N/A
2025-06-01,Iraq,East Coast India,Crude Oil,Tanker,15.67,USD,Metric Ton,Actual,Baltic Exchange / S&P Global Platts,N/A,N/A
2025-06-01,Saudi Arabia,East Coast India,Crude Oil,Tanker,14.75,USD,Metric Ton,Actual,Baltic Exchange / S&P Global Platts,N/A,N/A
2025-06-01,United Arab Emirates,East Coast India,Crude Oil,Tanker,13.26,USD,Metric Ton,Actual,Baltic Exchange / S&P Global Platts,N/A,N/A
2025-06-01,Russia,East Coast India,Crude Oil,Tanker,23.33,USD,Metric Ton,Actual,Baltic Exchange / S&P Global Platts,N/A,N/A
2025-06-01,United Arab Emirates,East Coast India,Petroleum Products,Tanker,18.73,USD,Metric Ton,Actual,Baltic Exchange / S&P Global Platts,N/A,N/A
2025-06-01,Singapore,East Coast India,Petroleum Products,Tanker,13.64,USD,Metric Ton,Actual,Baltic Exchange / S&P Global Platts,N/A,N/A
2025-06-01,Saudi Arabia,East Coast India,Petroleum Products,Tanker,18.67,USD,Metric Ton,Actual,Baltic Exchange / S&P Global Platts,N/A,N/A
2025-07-01,Australia,East Coast India,Coal,Bulk Carrier,17.87,USD,Metric Ton,Actual,Baltic Exchange / S&P Global Platts,N/A,N/A
2025-07-01,Indonesia,East Coast India,Coal,Bulk Carrier,10.05,USD,Metric Ton,Actual,Baltic Exchange / S&P Global Platts,N/A,N/A
2025-07-01,South Africa,East Coast India,Coal,Bulk Carrier,15.77,USD,Metric Ton,Actual,Baltic Exchange / S&P Global Platts,N/A,N/A
2025-07-01,Russia,East Coast India,Coal,Bulk Carrier,19.95,USD,Metric Ton,Actual,Baltic Exchange / S&P Global Platts,N/A,N/A
2025-07-01,Australia,East Coast India,Iron Ore,Bulk Carrier,16.99,USD,Metric Ton,Actual,Baltic Exchange / S&P Global Platts,N/A,N/A
2025-07-01,Brazil,East Coast India,Iron Ore,Bulk Carrier,26.66,USD,Metric Ton,Actual,Baltic Exchange / S&P Global Platts,N/A,N/A
2025-07-01,South Africa,East Coast India,Iron Ore,Bulk Carrier,16.76,USD,Metric Ton,Actual,Baltic Exchange / S&P Global Platts,N/A,N/A
2025-07-01,Iraq,East Coast India,Crude Oil,Tanker,15.4,USD,Metric Ton,Actual,Baltic Exchange / S&P Global Platts,N/A,N/A
2025-07-01,Saudi Arabia,East Coast India,Crude Oil,Tanker,14.97,USD,Metric Ton,Actual,Baltic Exchange / S&P Global Platts,N/A,N/A
2025-07-01,United Arab Emirates,East Coast India,Crude Oil,Tanker,13.69,USD,Metric Ton,Actual,Baltic Exchange / S&P Global Platts,N/A,N/A
2025-07-01,Russia,East Coast India,Crude Oil,Tanker,21.62,USD,Metric Ton,Actual,Baltic Exchange / S&P Global Platts,N/A,N/A
2025-07-01,United Arab Emirates,East Coast India,Petroleum Products,Tanker,18.2,USD,Metric Ton,Actual,Baltic Exchange / S&P Global Platts,N/A,N/A
2025-07-01,Singapore,East Coast India,Petroleum Products,Tanker,12.41,USD,Metric Ton,Actual,Baltic Exchange / S&P Global Platts,N/A,N/A
2025-07-01,Saudi Arabia,East Coast India,Petroleum Products,Tanker,18.75,USD,Metric Ton,Actual,Baltic Exchange / S&P Global Platts,N/A,N/A
2025-08-01,Australia,East Coast India,Coal,Bulk Carrier,17.2,USD,Metric Ton,Actual,Baltic Exchange / S&P Global Platts,N/A,N/A
2025-08-01,Indonesia,East Coast India,Coal,Bulk Carrier,10.56,USD,Metric Ton,Actual,Baltic Exchange / S&P Global Platts,N/A,N/A
2025-08-01,South Africa,East Coast India,Coal,Bulk Carrier,15.67,USD,Metric Ton,Actual,Baltic Exchange / S&P Global Platts,N/A,N/A
2025-08-01,Russia,East Coast India,Coal,Bulk Carrier,19.84,USD,Metric Ton,Actual,Baltic Exchange / S&P Global Platts,N/A,N/A
2025-08-01,Australia,East Coast India,Iron Ore,Bulk Carrier,16.9,USD,Metric Ton,Actual,Baltic Exchange / S&P Global Platts,N/A,N/A
2025-08-01,Brazil,East Coast India,Iron Ore,Bulk Carrier,28.03,USD,Metric Ton,Actual,Baltic Exchange / S&P Global Platts,N/A,N/A
2025-08-01,South Africa,East Coast India,Iron Ore,Bulk Carrier,16.76,USD,Metric Ton,Actual,Baltic Exchange / S&P Global Platts,N/A,N/A
2025-08-01,Iraq,East Coast India,Crude Oil,Tanker,14.08,USD,Metric Ton,Actual,Baltic Exchange / S&P Global Platts,N/A,N/A
2025-08-01,Saudi Arabia,East Coast India,Crude Oil,Tanker,13.67,USD,Metric Ton,Actual,Baltic Exchange / S&P Global Platts,N/A,N/A
2025-08-01,United Arab Emirates,East Coast India,Crude Oil,Tanker,14.11,USD,Metric Ton,Actual,Baltic Exchange / S&P Global Platts,N/A,N/A
2025-08-01,Russia,East Coast India,Crude Oil,Tanker,23.03,USD,Metric Ton,Actual,Baltic Exchange / S&P Global Platts,N/A,N/A
2025-08-01,United Arab Emirates,East Coast India,Petroleum Products,Tanker,18.68,USD,Metric Ton,Actual,Baltic Exchange / S&P Global Platts,N/A,N/A
2025-08-01,Singapore,East Coast India,Petroleum Products,Tanker,13.08,USD,Metric Ton,Actual,Baltic Exchange / S&P Global Platts,N/A,N/A
2025-08-01,Saudi Arabia,East Coast India,Petroleum Products,Tanker,18.18,USD,Metric Ton,Actual,Baltic Exchange / S&P Global Platts,N/A,N/A
2025-09-01,Australia,East Coast India,Coal,Bulk Carrier,17.19,USD,Metric Ton,Actual,Baltic Exchange / S&P Global Platts,N/A,N/A
2025-09-01,Indonesia,East Coast India,Coal,Bulk Carrier,10.84,USD,Metric Ton,Actual,Baltic Exchange / S&P Global Platts,N/A,N/A
2025-09-01,South Africa,East Coast India,Coal,Bulk Carrier,15.8,USD,Metric Ton,Actual,Baltic Exchange / S&P Global Platts,N/A,N/A
2025-09-01,Russia,East Coast India,Coal,Bulk Carrier,19.37,USD,Metric Ton,Actual,Baltic Exchange / S&P Global Platts,N/A,N/A
2025-09-01,Australia,East Coast India,Iron Ore,Bulk Carrier,16.57,USD,Metric Ton,Actual,Baltic Exchange / S&P Global Platts,N/A,N/A
2025-09-01,Brazil,East Coast India,Iron Ore,Bulk Carrier,25.73,USD,Metric Ton,Actual,Baltic Exchange / S&P Global Platts,N/A,N/A
2025-09-01,South Africa,East Coast India,Iron Ore,Bulk Carrier,16.58,USD,Metric Ton,Actual,Baltic Exchange / S&P Global Platts,N/A,N/A
2025-09-01,Iraq,East Coast India,Crude Oil,Tanker,15.05,USD,Metric Ton,Actual,Baltic Exchange / S&P Global Platts,N/A,N/A
2025-09-01,Saudi Arabia,East Coast India,Crude Oil,Tanker,13.5,USD,Metric Ton,Actual,Baltic Exchange / S&P Global Platts,N/A,N/A
2025-09-01,United Arab Emirates,East Coast India,Crude Oil,Tanker,13.61,USD,Metric Ton,Actual,Baltic Exchange / S&P Global Platts,N/A,N/A
2025-09-01,Russia,East Coast India,Crude Oil,Tanker,21.49,USD,Metric Ton,Actual,Baltic Exchange / S&P Global Platts,N/A,N/A
2025-09-01,United Arab Emirates,East Coast India,Petroleum Products,Tanker,18.17,USD,Metric Ton,Actual,Baltic Exchange / S&P Global Platts,N/A,N/A
2025-09-01,Singapore,East Coast India,Petroleum Products,Tanker,12.59,USD,Metric Ton,Actual,Baltic Exchange / S&P Global Platts,N/A,N/A
2025-09-01,Saudi Arabia,East Coast India,Petroleum Products,Tanker,17.51,USD,Metric Ton,Actual,Baltic Exchange / S&P Global Platts,N/A,N/A
2025-10-01,Australia,East Coast India,Coal,Bulk Carrier,18.03,USD,Metric Ton,Actual,Baltic Exchange / S&P Global Platts,N/A,N/A
2025-10-01,Indonesia,East Coast India,Coal,Bulk Carrier,10.13,USD,Metric Ton,Actual,Baltic Exchange / S&P Global Platts,N/A,N/A
2025-10-01,South Africa,East Coast India,Coal,Bulk Carrier,15.92,USD,Metric Ton,Actual,Baltic Exchange / S&P Global Platts,N/A,N/A
2025-10-01,Russia,East Coast India,Coal,Bulk Carrier,19.42,USD,Metric Ton,Actual,Baltic Exchange / S&P Global Platts,N/A,N/A
2025-10-01,Australia,East Coast India,Iron Ore,Bulk Carrier,16.69,USD,Metric Ton,Actual,Baltic Exchange / S&P Global Platts,N/A,N/A
2025-10-01,Brazil,East Coast India,Iron Ore,Bulk Carrier,27.94,USD,Metric Ton,Actual,Baltic Exchange / S&P Global Platts,N/A,N/A
2025-10-01,South Africa,East Coast India,Iron Ore,Bulk Carrier,17.43,USD,Metric Ton,Actual,Baltic Exchange / S&P Global Platts,N/A,N/A
2025-10-01,Iraq,East Coast India,Crude Oil,Tanker,14.18,USD,Metric Ton,Actual,Baltic Exchange / S&P Global Platts,N/A,N/A
2025-10-01,Saudi Arabia,East Coast India,Crude Oil,Tanker,13.34,USD,Metric Ton,Actual,Baltic Exchange / S&P Global Platts,N/A,N/A
2025-10-01,United Arab Emirates,East Coast India,Crude Oil,Tanker,13.07,USD,Metric Ton,Actual,Baltic Exchange / S&P Global Platts,N/A,N/A
2025-10-01,Russia,East Coast India,Crude Oil,Tanker,22.11,USD,Metric Ton,Actual,Baltic Exchange / S&P Global Platts,N/A,N/A
2025-10-01,United Arab Emirates,East Coast India,Petroleum Products,Tanker,17.43,USD,Metric Ton,Actual,Baltic Exchange / S&P Global Platts,N/A,N/A
2025-10-01,Singapore,East Coast India,Petroleum Products,Tanker,12.77,USD,Metric Ton,Actual,Baltic Exchange / S&P Global Platts,N/A,N/A
2025-10-01,Saudi Arabia,East Coast India,Petroleum Products,Tanker,17.81,USD,Metric Ton,Actual,Baltic Exchange / S&P Global Platts,N/A,N/A
2025-11-01,Australia,East Coast India,Coal,Bulk Carrier,17.23,USD,Metric Ton,Actual,Baltic Exchange / S&P Global Platts,N/A,N/A
2025-11-01,Indonesia,East Coast India,Coal,Bulk Carrier,10.55,USD,Metric Ton,Actual,Baltic Exchange / S&P Global Platts,N/A,N/A
2025-11-01,South Africa,East Coast India,Coal,Bulk Carrier,15.09,USD,Metric Ton,Actual,Baltic Exchange / S&P Global Platts,N/A,N/A
2025-11-01,Russia,East Coast India,Coal,Bulk Carrier,18.51,USD,Metric Ton,Actual,Baltic Exchange / S&P Global Platts,N/A,N/A
2025-11-01,Australia,East Coast India,Iron Ore,Bulk Carrier,16.68,USD,Metric Ton,Actual,Baltic Exchange / S&P Global Platts,N/A,N/A
2025-11-01,Brazil,East Coast India,Iron Ore,Bulk Carrier,26.57,USD,Metric Ton,Actual,Baltic Exchange / S&P Global Platts,N/A,N/A
2025-11-01,South Africa,East Coast India,Iron Ore,Bulk Carrier,17.24,USD,Metric Ton,Actual,Baltic Exchange / S&P Global Platts,N/A,N/A
2025-11-01,Iraq,East Coast India,Crude Oil,Tanker,14.41,USD,Metric Ton,Actual,Baltic Exchange / S&P Global Platts,N/A,N/A
2025-11-01,Saudi Arabia,East Coast India,Crude Oil,Tanker,13.54,USD,Metric Ton,Actual,Baltic Exchange / S&P Global Platts,N/A,N/A
2025-11-01,United Arab Emirates,East Coast India,Crude Oil,Tanker,13.72,USD,Metric Ton,Actual,Baltic Exchange / S&P Global Platts,N/A,N/A
2025-11-01,Russia,East Coast India,Crude Oil,Tanker,22.4,USD,Metric Ton,Actual,Baltic Exchange / S&P Global Platts,N/A,N/A
2025-11-01,United Arab Emirates,East Coast India,Petroleum Products,Tanker,18.48,USD,Metric Ton,Actual,Baltic Exchange / S&P Global Platts,N/A,N/A
2025-11-01,Singapore,East Coast India,Petroleum Products,Tanker,12.4,USD,Metric Ton,Actual,Baltic Exchange / S&P Global Platts,N/A,N/A
2025-11-01,Saudi Arabia,East Coast India,Petroleum Products,Tanker,17.68,USD,Metric Ton,Actual,Baltic Exchange / S&P Global Platts,N/A,N/A
2025-12-01,Australia,East Coast India,Coal,Bulk Carrier,17.16,USD,Metric Ton,Actual,Baltic Exchange / S&P Global Platts,N/A,N/A
2025-12-01,Indonesia,East Coast India,Coal,Bulk Carrier,9.78,USD,Metric Ton,Actual,Baltic Exchange / S&P Global Platts,N/A,N/A
2025-12-01,South Africa,East Coast India,Coal,Bulk Carrier,16.25,USD,Metric Ton,Actual,Baltic Exchange / S&P Global Platts,N/A,N/A
2025-12-01,Russia,East Coast India,Coal,Bulk Carrier,18.5,USD,Metric Ton,Actual,Baltic Exchange / S&P Global Platts,N/A,N/A
2025-12-01,Australia,East Coast India,Iron Ore,Bulk Carrier,16.93,USD,Metric Ton,Actual,Baltic Exchange / S&P Global Platts,N/A,N/A
2025-12-01,Brazil,East Coast India,Iron Ore,Bulk Carrier,26.26,USD,Metric Ton,Actual,Baltic Exchange / S&P Global Platts,N/A,N/A
2025-12-01,South Africa,East Coast India,Iron Ore,Bulk Carrier,16.27,USD,Metric Ton,Actual,Baltic Exchange / S&P Global Platts,N/A,N/A
2025-12-01,Iraq,East Coast India,Crude Oil,Tanker,14.46,USD,Metric Ton,Actual,Baltic Exchange / S&P Global Platts,N/A,N/A
2025-12-01,Saudi Arabia,East Coast India,Crude Oil,Tanker,14.31,USD,Metric Ton,Actual,Baltic Exchange / S&P Global Platts,N/A,N/A
2025-12-01,United Arab Emirates,East Coast India,Crude Oil,Tanker,13.51,USD,Metric Ton,Actual,Baltic Exchange / S&P Global Platts,N/A,N/A
2025-12-01,Russia,East Coast India,Crude Oil,Tanker,22.26,USD,Metric Ton,Actual,Baltic Exchange / S&P Global Platts,N/A,N/A
2025-12-01,United Arab Emirates,East Coast India,Petroleum Products,Tanker,18.29,USD,Metric Ton,Actual,Baltic Exchange / S&P Global Platts,N/A,N/A
2025-12-01,Singapore,East Coast India,Petroleum Products,Tanker,12.84,USD,Metric Ton,Actual,Baltic Exchange / S&P Global Platts,N/A,N/A
2025-12-01,Saudi Arabia,East Coast India,Petroleum Products,Tanker,18.01,USD,Metric Ton,Actual,Baltic Exchange / S&P Global Platts,N/A,N/A
2026-01-01,Australia,East Coast India,Coal,Bulk Carrier,16.96,USD,Metric Ton,Actual,Baltic Exchange / S&P Global Platts,N/A,N/A
2026-01-01,Indonesia,East Coast India,Coal,Bulk Carrier,10.19,USD,Metric Ton,Actual,Baltic Exchange / S&P Global Platts,N/A,N/A
2026-01-01,South Africa,East Coast India,Coal,Bulk Carrier,15.17,USD,Metric Ton,Actual,Baltic Exchange / S&P Global Platts,N/A,N/A
2026-01-01,Russia,East Coast India,Coal,Bulk Carrier,20.14,USD,Metric Ton,Actual,Baltic Exchange / S&P Global Platts,N/A,N/A
2026-01-01,Australia,East Coast India,Iron Ore,Bulk Carrier,16.92,USD,Metric Ton,Actual,Baltic Exchange / S&P Global Platts,N/A,N/A
2026-01-01,Brazil,East Coast India,Iron Ore,Bulk Carrier,25.18,USD,Metric Ton,Actual,Baltic Exchange / S&P Global Platts,N/A,N/A
2026-01-01,South Africa,East Coast India,Iron Ore,Bulk Carrier,17.15,USD,Metric Ton,Actual,Baltic Exchange / S&P Global Platts,N/A,N/A
2026-01-01,Iraq,East Coast India,Crude Oil,Tanker,15.01,USD,Metric Ton,Actual,Baltic Exchange / S&P Global Platts,N/A,N/A
2026-01-01,Saudi Arabia,East Coast India,Crude Oil,Tanker,13.36,USD,Metric Ton,Actual,Baltic Exchange / S&P Global Platts,N/A,N/A
2026-01-01,United Arab Emirates,East Coast India,Crude Oil,Tanker,13.29,USD,Metric Ton,Actual,Baltic Exchange / S&P Global Platts,N/A,N/A
2026-01-01,Russia,East Coast India,Crude Oil,Tanker,22.5,USD,Metric Ton,Actual,Baltic Exchange / S&P Global Platts,N/A,N/A
2026-01-01,United Arab Emirates,East Coast India,Petroleum Products,Tanker,17.16,USD,Metric Ton,Actual,Baltic Exchange / S&P Global Platts,N/A,N/A
2026-01-01,Singapore,East Coast India,Petroleum Products,Tanker,12.85,USD,Metric Ton,Actual,Baltic Exchange / S&P Global Platts,N/A,N/A
2026-01-01,Saudi Arabia,East Coast India,Petroleum Products,Tanker,17.05,USD,Metric Ton,Actual,Baltic Exchange / S&P Global Platts,N/A,N/A
2026-02-01,Australia,East Coast India,Coal,Bulk Carrier,18.14,USD,Metric Ton,Actual,Baltic Exchange / S&P Global Platts,N/A,N/A
2026-02-01,Indonesia,East Coast India,Coal,Bulk Carrier,10.68,USD,Metric Ton,Actual,Baltic Exchange / S&P Global Platts,N/A,N/A
2026-02-01,South Africa,East Coast India,Coal,Bulk Carrier,16.29,USD,Metric Ton,Actual,Baltic Exchange / S&P Global Platts,N/A,N/A
2026-02-01,Russia,East Coast India,Coal,Bulk Carrier,19.15,USD,Metric Ton,Actual,Baltic Exchange / S&P Global Platts,N/A,N/A
2026-02-01,Australia,East Coast India,Iron Ore,Bulk Carrier,16.79,USD,Metric Ton,Actual,Baltic Exchange / S&P Global Platts,N/A,N/A
2026-02-01,Brazil,East Coast India,Iron Ore,Bulk Carrier,27.31,USD,Metric Ton,Actual,Baltic Exchange / S&P Global Platts,N/A,N/A
2026-02-01,South Africa,East Coast India,Iron Ore,Bulk Carrier,16.5,USD,Metric Ton,Actual,Baltic Exchange / S&P Global Platts,N/A,N/A
2026-02-01,Iraq,East Coast India,Crude Oil,Tanker,14.87,USD,Metric Ton,Actual,Baltic Exchange / S&P Global Platts,N/A,N/A
2026-02-01,Saudi Arabia,East Coast India,Crude Oil,Tanker,13.16,USD,Metric Ton,Actual,Baltic Exchange / S&P Global Platts,N/A,N/A
2026-02-01,United Arab Emirates,East Coast India,Crude Oil,Tanker,13.33,USD,Metric Ton,Actual,Baltic Exchange / S&P Global Platts,N/A,N/A
2026-02-01,Russia,East Coast India,Crude Oil,Tanker,21.02,USD,Metric Ton,Actual,Baltic Exchange / S&P Global Platts,N/A,N/A
2026-02-01,United Arab Emirates,East Coast India,Petroleum Products,Tanker,17.32,USD,Metric Ton,Actual,Baltic Exchange / S&P Global Platts,N/A,N/A
2026-02-01,Singapore,East Coast India,Petroleum Products,Tanker,12.07,USD,Metric Ton,Actual,Baltic Exchange / S&P Global Platts,N/A,N/A
2026-02-01,Saudi Arabia,East Coast India,Petroleum Products,Tanker,17.74,USD,Metric Ton,Actual,Baltic Exchange / S&P Global Platts,N/A,N/A
2026-03-01,Australia,East Coast India,Coal,Bulk Carrier,17.12,USD,Metric Ton,Actual,Baltic Exchange / S&P Global Platts,N/A,N/A
2026-03-01,Indonesia,East Coast India,Coal,Bulk Carrier,10.43,USD,Metric Ton,Actual,Baltic Exchange / S&P Global Platts,N/A,N/A
2026-03-01,South Africa,East Coast India,Coal,Bulk Carrier,14.92,USD,Metric Ton,Actual,Baltic Exchange / S&P Global Platts,N/A,N/A
2026-03-01,Russia,East Coast India,Coal,Bulk Carrier,18.85,USD,Metric Ton,Actual,Baltic Exchange / S&P Global Platts,N/A,N/A
2026-03-01,Australia,East Coast India,Iron Ore,Bulk Carrier,16.26,USD,Metric Ton,Actual,Baltic Exchange / S&P Global Platts,N/A,N/A
2026-03-01,Brazil,East Coast India,Iron Ore,Bulk Carrier,27.17,USD,Metric Ton,Actual,Baltic Exchange / S&P Global Platts,N/A,N/A
2026-03-01,South Africa,East Coast India,Iron Ore,Bulk Carrier,16.5,USD,Metric Ton,Actual,Baltic Exchange / S&P Global Platts,N/A,N/A
2026-03-01,Iraq,East Coast India,Crude Oil,Tanker,14.58,USD,Metric Ton,Actual,Baltic Exchange / S&P Global Platts,N/A,N/A
2026-03-01,Saudi Arabia,East Coast India,Crude Oil,Tanker,14.33,USD,Metric Ton,Actual,Baltic Exchange / S&P Global Platts,N/A,N/A
2026-03-01,United Arab Emirates,East Coast India,Crude Oil,Tanker,13.35,USD,Metric Ton,Actual,Baltic Exchange / S&P Global Platts,N/A,N/A
2026-03-01,Russia,East Coast India,Crude Oil,Tanker,21.02,USD,Metric Ton,Actual,Baltic Exchange / S&P Global Platts,N/A,N/A
2026-03-01,United Arab Emirates,East Coast India,Petroleum Products,Tanker,17.14,USD,Metric Ton,Actual,Baltic Exchange / S&P Global Platts,N/A,N/A
2026-03-01,Singapore,East Coast India,Petroleum Products,Tanker,13.07,USD,Metric Ton,Actual,Baltic Exchange / S&P Global Platts,N/A,N/A
2026-03-01,Saudi Arabia,East Coast India,Petroleum Products,Tanker,16.57,USD,Metric Ton,Actual,Baltic Exchange / S&P Global Platts,N/A,N/A
2026-04-01,Australia,East Coast India,Coal,Bulk Carrier,18.05,USD,Metric Ton,Actual,Baltic Exchange / S&P Global Platts,N/A,N/A
2026-04-01,Indonesia,East Coast India,Coal,Bulk Carrier,10.23,USD,Metric Ton,Actual,Baltic Exchange / S&P Global Platts,N/A,N/A
2026-04-01,South Africa,East Coast India,Coal,Bulk Carrier,16.28,USD,Metric Ton,Actual,Baltic Exchange / S&P Global Platts,N/A,N/A
2026-04-01,Russia,East Coast India,Coal,Bulk Carrier,19.77,USD,Metric Ton,Actual,Baltic Exchange / S&P Global Platts,N/A,N/A
2026-04-01,Australia,East Coast India,Iron Ore,Bulk Carrier,17.01,USD,Metric Ton,Actual,Baltic Exchange / S&P Global Platts,N/A,N/A
2026-04-01,Brazil,East Coast India,Iron Ore,Bulk Carrier,26.01,USD,Metric Ton,Actual,Baltic Exchange / S&P Global Platts,N/A,N/A
2026-04-01,South Africa,East Coast India,Iron Ore,Bulk Carrier,17.25,USD,Metric Ton,Actual,Baltic Exchange / S&P Global Platts,N/A,N/A
2026-04-01,Iraq,East Coast India,Crude Oil,Tanker,14.26,USD,Metric Ton,Actual,Baltic Exchange / S&P Global Platts,N/A,N/A
2026-04-01,Saudi Arabia,East Coast India,Crude Oil,Tanker,13.77,USD,Metric Ton,Actual,Baltic Exchange / S&P Global Platts,N/A,N/A
2026-04-01,United Arab Emirates,East Coast India,Crude Oil,Tanker,13.37,USD,Metric Ton,Actual,Baltic Exchange / S&P Global Platts,N/A,N/A
2026-04-01,Russia,East Coast India,Crude Oil,Tanker,22.41,USD,Metric Ton,Actual,Baltic Exchange / S&P Global Platts,N/A,N/A
2026-04-01,United Arab Emirates,East Coast India,Petroleum Products,Tanker,18.87,USD,Metric Ton,Actual,Baltic Exchange / S&P Global Platts,N/A,N/A
2026-04-01,Singapore,East Coast India,Petroleum Products,Tanker,12.94,USD,Metric Ton,Actual,Baltic Exchange / S&P Global Platts,N/A,N/A
2026-04-01,Saudi Arabia,East Coast India,Petroleum Products,Tanker,17.26,USD,Metric Ton,Actual,Baltic Exchange / S&P Global Platts,N/A,N/A
2026-05-01,Australia,East Coast India,Coal,Bulk Carrier,17.26,USD,Metric Ton,Actual,Baltic Exchange / S&P Global Platts,N/A,N/A
2026-05-01,Indonesia,East Coast India,Coal,Bulk Carrier,10.44,USD,Metric Ton,Actual,Baltic Exchange / S&P Global Platts,N/A,N/A
2026-05-01,South Africa,East Coast India,Coal,Bulk Carrier,15.19,USD,Metric Ton,Actual,Baltic Exchange / S&P Global Platts,N/A,N/A
2026-05-01,Russia,East Coast India,Coal,Bulk Carrier,18.45,USD,Metric Ton,Actual,Baltic Exchange / S&P Global Platts,N/A,N/A
2026-05-01,Australia,East Coast India,Iron Ore,Bulk Carrier,15.96,USD,Metric Ton,Actual,Baltic Exchange / S&P Global Platts,N/A,N/A
2026-05-01,Brazil,East Coast India,Iron Ore,Bulk Carrier,25.84,USD,Metric Ton,Actual,Baltic Exchange / S&P Global Platts,N/A,N/A
2026-05-01,South Africa,East Coast India,Iron Ore,Bulk Carrier,16.46,USD,Metric Ton,Actual,Baltic Exchange / S&P Global Platts,N/A,N/A
2026-05-01,Iraq,East Coast India,Crude Oil,Tanker,14.02,USD,Metric Ton,Actual,Baltic Exchange / S&P Global Platts,N/A,N/A
2026-05-01,Saudi Arabia,East Coast India,Crude Oil,Tanker,13.17,USD,Metric Ton,Actual,Baltic Exchange / S&P Global Platts,N/A,N/A
2026-05-01,United Arab Emirates,East Coast India,Crude Oil,Tanker,12.56,USD,Metric Ton,Actual,Baltic Exchange / S&P Global Platts,N/A,N/A
2026-05-01,Russia,East Coast India,Crude Oil,Tanker,22.65,USD,Metric Ton,Actual,Baltic Exchange / S&P Global Platts,N/A,N/A
2026-05-01,United Arab Emirates,East Coast India,Petroleum Products,Tanker,17.87,USD,Metric Ton,Actual,Baltic Exchange / S&P Global Platts,N/A,N/A
2026-05-01,Singapore,East Coast India,Petroleum Products,Tanker,12.45,USD,Metric Ton,Actual,Baltic Exchange / S&P Global Platts,N/A,N/A
2026-05-01,Saudi Arabia,East Coast India,Petroleum Products,Tanker,17.71,USD,Metric Ton,Actual,Baltic Exchange / S&P Global Platts,N/A,N/A
2026-06-01,Australia,East Coast India,Coal,Bulk Carrier,16.91,USD,Metric Ton,Actual,Baltic Exchange / S&P Global Platts,N/A,N/A
2026-06-01,Indonesia,East Coast India,Coal,Bulk Carrier,10.66,USD,Metric Ton,Actual,Baltic Exchange / S&P Global Platts,N/A,N/A
2026-06-01,South Africa,East Coast India,Coal,Bulk Carrier,16.05,USD,Metric Ton,Actual,Baltic Exchange / S&P Global Platts,N/A,N/A
2026-06-01,Russia,East Coast India,Coal,Bulk Carrier,18.41,USD,Metric Ton,Actual,Baltic Exchange / S&P Global Platts,N/A,N/A
2026-06-01,Australia,East Coast India,Iron Ore,Bulk Carrier,16.07,USD,Metric Ton,Actual,Baltic Exchange / S&P Global Platts,N/A,N/A
2026-06-01,Brazil,East Coast India,Iron Ore,Bulk Carrier,27.4,USD,Metric Ton,Actual,Baltic Exchange / S&P Global Platts,N/A,N/A
2026-06-01,South Africa,East Coast India,Iron Ore,Bulk Carrier,17.55,USD,Metric Ton,Actual,Baltic Exchange / S&P Global Platts,N/A,N/A
2026-06-01,Iraq,East Coast India,Crude Oil,Tanker,14.35,USD,Metric Ton,Actual,Baltic Exchange / S&P Global Platts,N/A,N/A
2026-06-01,Saudi Arabia,East Coast India,Crude Oil,Tanker,13.96,USD,Metric Ton,Actual,Baltic Exchange / S&P Global Platts,N/A,N/A
2026-06-01,United Arab Emirates,East Coast India,Crude Oil,Tanker,12.76,USD,Metric Ton,Actual,Baltic Exchange / S&P Global Platts,N/A,N/A
2026-06-01,Russia,East Coast India,Crude Oil,Tanker,22.66,USD,Metric Ton,Actual,Baltic Exchange / S&P Global Platts,N/A,N/A
2026-06-01,United Arab Emirates,East Coast India,Petroleum Products,Tanker,17.52,USD,Metric Ton,Actual,Baltic Exchange / S&P Global Platts,N/A,N/A
2026-06-01,Singapore,East Coast India,Petroleum Products,Tanker,13.16,USD,Metric Ton,Actual,Baltic Exchange / S&P Global Platts,N/A,N/A
2026-06-01,Saudi Arabia,East Coast India,Petroleum Products,Tanker,17.66,USD,Metric Ton,Actual,Baltic Exchange / S&P Global Platts,N/A,N/A
2026-07-01,Australia,East Coast India,Coal,Bulk Carrier,17.59,USD,Metric Ton,Actual,Baltic Exchange / S&P Global Platts,N/A,N/A
2026-07-01,Indonesia,East Coast India,Coal,Bulk Carrier,10.21,USD,Metric Ton,Actual,Baltic Exchange / S&P Global Platts,N/A,N/A
2026-07-01,South Africa,East Coast India,Coal,Bulk Carrier,15.18,USD,Metric Ton,Actual,Baltic Exchange / S&P Global Platts,N/A,N/A
2026-07-01,Russia,East Coast India,Coal,Bulk Carrier,18.58,USD,Metric Ton,Actual,Baltic Exchange / S&P Global Platts,N/A,N/A
2026-07-01,Australia,East Coast India,Iron Ore,Bulk Carrier,15.75,USD,Metric Ton,Actual,Baltic Exchange / S&P Global Platts,N/A,N/A
2026-07-01,Brazil,East Coast India,Iron Ore,Bulk Carrier,25.57,USD,Metric Ton,Actual,Baltic Exchange / S&P Global Platts,N/A,N/A
2026-07-01,South Africa,East Coast India,Iron Ore,Bulk Carrier,17.27,USD,Metric Ton,Actual,Baltic Exchange / S&P Global Platts,N/A,N/A
2026-07-01,Iraq,East Coast India,Crude Oil,Tanker,14.18,USD,Metric Ton,Actual,Baltic Exchange / S&P Global Platts,N/A,N/A
2026-07-01,Saudi Arabia,East Coast India,Crude Oil,Tanker,13.19,USD,Metric Ton,Actual,Baltic Exchange / S&P Global Platts,N/A,N/A
2026-07-01,United Arab Emirates,East Coast India,Crude Oil,Tanker,13.82,USD,Metric Ton,Actual,Baltic Exchange / S&P Global Platts,N/A,N/A
2026-07-01,Russia,East Coast India,Crude Oil,Tanker,22.43,USD,Metric Ton,Actual,Baltic Exchange / S&P Global Platts,N/A,N/A
2026-07-01,United Arab Emirates,East Coast India,Petroleum Products,Tanker,18.77,USD,Metric Ton,Actual,Baltic Exchange / S&P Global Platts,N/A,N/A
2026-07-01,Singapore,East Coast India,Petroleum Products,Tanker,13.22,USD,Metric Ton,Actual,Baltic Exchange / S&P Global Platts,N/A,N/A
2026-07-01,Saudi Arabia,East Coast India,Petroleum Products,Tanker,16.83,USD,Metric Ton,Actual,Baltic Exchange / S&P Global Platts,N/A,N/A
2026-08-01,Australia,East Coast India,Coal,Bulk Carrier,17.22,USD,Metric Ton,Actual,Baltic Exchange / S&P Global Platts,N/A,N/A
2026-08-01,Indonesia,East Coast India,Coal,Bulk Carrier,10.46,USD,Metric Ton,Actual,Baltic Exchange / S&P Global Platts,N/A,N/A
2026-08-01,South Africa,East Coast India,Coal,Bulk Carrier,15.91,USD,Metric Ton,Actual,Baltic Exchange / S&P Global Platts,N/A,N/A
2026-08-01,Russia,East Coast India,Coal,Bulk Carrier,18.54,USD,Metric Ton,Actual,Baltic Exchange / S&P Global Platts,N/A,N/A
2026-08-01,Australia,East Coast India,Iron Ore,Bulk Carrier,16.71,USD,Metric Ton,Actual,Baltic Exchange / S&P Global Platts,N/A,N/A
2026-08-01,Brazil,East Coast India,Iron Ore,Bulk Carrier,25.67,USD,Metric Ton,Actual,Baltic Exchange / S&P Global Platts,N/A,N/A
2026-08-01,South Africa,East Coast India,Iron Ore,Bulk Carrier,16.34,USD,Metric Ton,Actual,Baltic Exchange / S&P Global Platts,N/A,N/A
2026-08-01,Iraq,East Coast India,Crude Oil,Tanker,14.45,USD,Metric Ton,Actual,Baltic Exchange / S&P Global Platts,N/A,N/A
2026-08-01,Saudi Arabia,East Coast India,Crude Oil,Tanker,13.93,USD,Metric Ton,Actual,Baltic Exchange / S&P Global Platts,N/A,N/A
2026-08-01,United Arab Emirates,East Coast India,Crude Oil,Tanker,13.31,USD,Metric Ton,Actual,Baltic Exchange / S&P Global Platts,N/A,N/A
2026-08-01,Russia,East Coast India,Crude Oil,Tanker,20.72,USD,Metric Ton,Actual,Baltic Exchange / S&P Global Platts,N/A,N/A
2026-08-01,United Arab Emirates,East Coast India,Petroleum Products,Tanker,18.68,USD,Metric Ton,Actual,Baltic Exchange / S&P Global Platts,N/A,N/A
2026-08-01,Singapore,East Coast India,Petroleum Products,Tanker,12.3,USD,Metric Ton,Actual,Baltic Exchange / S&P Global Platts,N/A,N/A
2026-08-01,Saudi Arabia,East Coast India,Petroleum Products,Tanker,16.76,USD,Metric Ton,Actual,Baltic Exchange / S&P Global Platts,N/A,N/A
2026-09-01,Australia,East Coast India,Coal,Bulk Carrier,18.08,USD,Metric Ton,Actual,Baltic Exchange / S&P Global Platts,N/A,N/A
2026-09-01,Indonesia,East Coast India,Coal,Bulk Carrier,10.66,USD,Metric Ton,Actual,Baltic Exchange / S&P Global Platts,N/A,N/A
2026-09-01,South Africa,East Coast India,Coal,Bulk Carrier,16.16,USD,Metric Ton,Actual,Baltic Exchange / S&P Global Platts,N/A,N/A
2026-09-01,Russia,East Coast India,Coal,Bulk Carrier,19.79,USD,Metric Ton,Actual,Baltic Exchange / S&P Global Platts,N/A,N/A
2026-09-01,Australia,East Coast India,Iron Ore,Bulk Carrier,16.45,USD,Metric Ton,Actual,Baltic Exchange / S&P Global Platts,N/A,N/A
2026-09-01,Brazil,East Coast India,Iron Ore,Bulk Carrier,26.53,USD,Metric Ton,Actual,Baltic Exchange / S&P Global Platts,N/A,N/A
2026-09-01,South Africa,East Coast India,Iron Ore,Bulk Carrier,16.11,USD,Metric Ton,Actual,Baltic Exchange / S&P Global Platts,N/A,N/A
2026-09-01,Iraq,East Coast India,Crude Oil,Tanker,14.27,USD,Metric Ton,Actual,Baltic Exchange / S&P Global Platts,N/A,N/A
2026-09-01,Saudi Arabia,East Coast India,Crude Oil,Tanker,13.62,USD,Metric Ton,Actual,Baltic Exchange / S&P Global Platts,N/A,N/A
2026-09-01,United Arab Emirates,East Coast India,Crude Oil,Tanker,12.88,USD,Metric Ton,Actual,Baltic Exchange / S&P Global Platts,N/A,N/A
2026-09-01,Russia,East Coast India,Crude Oil,Tanker,22.08,USD,Metric Ton,Actual,Baltic Exchange / S&P Global Platts,N/A,N/A
2026-09-01,United Arab Emirates,East Coast India,Petroleum Products,Tanker,17.99,USD,Metric Ton,Actual,Baltic Exchange / S&P Global Platts,N/A,N/A
2026-09-01,Singapore,East Coast India,Petroleum Products,Tanker,12.07,USD,Metric Ton,Actual,Baltic Exchange / S&P Global Platts,N/A,N/A
2026-09-01,Saudi Arabia,East Coast India,Petroleum Products,Tanker,16.91,USD,Metric Ton,Actual,Baltic Exchange / S&P Global Platts,N/A,N/A